study_id,report_pmid,arm,site,grafted,timepoint_months,n,mean_mbl,sd_mbl,nominal_length_mm,diameter_mm,platform_level,collar_height_mm,endosseous_length_mm,measured_from,flags
esposito-4mm-augmented,10.36130/CTD.02.2020.02,short,mandible,ungrafted,0,20,0.24,0.11,4.0,4.0/4.5,tissue,1.5,4,"periapical radiograph paralleling technique; apical margin of implant collar to first bone-to-implant contact, OsiriX calibrated to implant diameter",
esposito-4mm-augmented,10.36130/CTD.02.2020.02,long,mandible,grafted,0,19,0.34,0.08,10.0 (mixed 6.0-13.0; see quote),4.0/4.5,tissue,1.5,,"periapical radiograph paralleling technique; apical margin of implant collar to first bone-to-implant contact, OsiriX calibrated to implant diameter",
esposito-4mm-augmented,10.36130/CTD.02.2020.02,short,maxilla,ungrafted,0,19,0.27,0.09,4.0,4.0/4.5,tissue,1.5,4,"periapical radiograph paralleling technique; apical margin of implant collar to first bone-to-implant contact, OsiriX calibrated to implant diameter",
esposito-4mm-augmented,10.36130/CTD.02.2020.02,long,maxilla,grafted,0,17,0.31,0.10,11.5 (mixed 10.0-13.0; see quote),4.0/4.5,tissue,1.5,,"periapical radiograph paralleling technique; apical margin of implant collar to first bone-to-implant contact, OsiriX calibrated to implant diameter",
esposito-4mm-augmented,10.36130/CTD.02.2020.02,short,mandible,ungrafted,4,20,0.40,0.12,4.0,4.0/4.5,tissue,1.5,4,"periapical radiograph paralleling technique; apical margin of implant collar to first bone-to-implant contact, OsiriX calibrated to implant diameter",
esposito-4mm-augmented,10.36130/CTD.02.2020.02,long,mandible,grafted,4,19,0.52,0.10,10.0 (mixed 6.0-13.0; see quote),4.0/4.5,tissue,1.5,,"periapical radiograph paralleling technique; apical margin of implant collar to first bone-to-implant contact, OsiriX calibrated to implant diameter",
esposito-4mm-augmented,10.36130/CTD.02.2020.02,short,maxilla,ungrafted,4,19,0.47,0.12,4.0,4.0/4.5,tissue,1.5,4,"periapical radiograph paralleling technique; apical margin of implant collar to first bone-to-implant contact, OsiriX calibrated to implant diameter",
esposito-4mm-augmented,10.36130/CTD.02.2020.02,long,maxilla,grafted,4,17,0.50,0.13,11.5 (mixed 10.0-13.0; see quote),4.0/4.5,tissue,1.5,,"periapical radiograph paralleling technique; apical margin of implant collar to first bone-to-implant contact, OsiriX calibrated to implant diameter",
esposito-4mm-augmented,10.36130/CTD.02.2020.02,short,mandible,ungrafted,12,20,0.51,0.16,4.0,4.0/4.5,tissue,1.5,4,"periapical radiograph paralleling technique; apical margin of implant collar to first bone-to-implant contact, OsiriX calibrated to implant diameter",
esposito-4mm-augmented,10.36130/CTD.02.2020.02,long,mandible,grafted,12,18,0.77,0.21,10.0 (mixed 6.0-13.0; see quote),4.0/4.5,tissue,1.5,,"periapical radiograph paralleling technique; apical margin of implant collar to first bone-to-implant contact, OsiriX calibrated to implant diameter",
esposito-4mm-augmented,10.36130/CTD.02.2020.02,short,maxilla,ungrafted,12,19,0.63,0.15,4.0,4.0/4.5,tissue,1.5,4,"periapical radiograph paralleling technique; apical margin of implant collar to first bone-to-implant contact, OsiriX calibrated to implant diameter",
esposito-4mm-augmented,10.36130/CTD.02.2020.02,long,maxilla,grafted,12,16,0.72,0.25,11.5 (mixed 10.0-13.0; see quote),4.0/4.5,tissue,1.5,,"periapical radiograph paralleling technique; apical margin of implant collar to first bone-to-implant contact, OsiriX calibrated to implant diameter",
esposito-4mm-augmented,10.36130/CTD.02.2020.02,short,mandible,ungrafted,36,17,0.62,0.58,4.0,4.0/4.5,tissue,1.5,4,"periapical radiograph paralleling technique; apical margin of implant collar to first bone-to-implant contact, OsiriX calibrated to implant diameter",
esposito-4mm-augmented,10.36130/CTD.02.2020.02,long,mandible,grafted,36,15,0.71,0.13,10.0 (mixed 6.0-13.0; see quote),4.0/4.5,tissue,1.5,,"periapical radiograph paralleling technique; apical margin of implant collar to first bone-to-implant contact, OsiriX calibrated to implant diameter",
esposito-4mm-augmented,10.36130/CTD.02.2020.02,short,maxilla,ungrafted,36,15,1.14,0.22,4.0,4.0/4.5,tissue,1.5,4,"periapical radiograph paralleling technique; apical margin of implant collar to first bone-to-implant contact, OsiriX calibrated to implant diameter",
esposito-4mm-augmented,10.36130/CTD.02.2020.02,long,maxilla,grafted,36,17,0.73,0.78,11.5 (mixed 10.0-13.0; see quote),4.0/4.5,tissue,1.5,,"periapical radiograph paralleling technique; apical margin of implant collar to first bone-to-implant contact, OsiriX calibrated to implant diameter",
esposito-4mm-augmented,35688421,short,mixed,ungrafted,60,,0.58,0.40,4.0,,tissue,1.5,4,"not specified in congress abstract (5-year peri-implant marginal bone level change since loading, method as per earlier full-text reports)",
esposito-4mm-augmented,35688421,long,mixed,ungrafted,60,,0.99,0.58,10.0-13.0,,tissue,1.5,,"not specified in congress abstract (5-year peri-implant marginal bone level change since loading, method as per earlier full-text reports)",
W1564520892,21722191,short,maxilla,ungrafted,12,23,0.7,,6,3.3/4.1 (mixed),tissue,1.8,6,loading,
W1564520892,21722191,long,maxilla,ungrafted,12,48,1.3,,10/12/14 (mixed),3.3/4.1 (mixed),tissue,1.8,,loading,
W1564520892,21722191,short,maxilla,ungrafted,24,23,1.0,,6,3.3/4.1 (mixed),tissue,1.8,6,loading,
W1564520892,21722191,long,maxilla,ungrafted,24,48,1.5,,10/12/14 (mixed),3.3/4.1 (mixed),tissue,1.8,,loading,
W3152386461,33917587,short,maxilla,ungrafted,6,12,0.01,0.11,4,4.1,tissue,1.8,4,prosthesis delivery (baseline),sign-flipped(neg=loss convention)
W3152386461,33917587,short,maxilla,ungrafted,12,12,0.04,0.13,4,4.1,tissue,1.8,4,prosthesis delivery (baseline),sign-flipped(neg=loss convention)
W3152386461,33917587,short,maxilla,ungrafted,18,12,0.17,0.29,4,4.1,tissue,1.8,4,prosthesis delivery (baseline),sign-flipped(neg=loss convention)
W3152386461,33917587,short,maxilla,ungrafted,24,12,0.28,0.37,4,4.1,tissue,1.8,4,prosthesis delivery (baseline),sign-flipped(neg=loss convention)
W3152386461,33917587,long,maxilla,ungrafted,6,10,0.21,0.33,10,4.1,bone,0,10,prosthesis delivery (baseline),sign-flipped(neg=loss convention)
W3152386461,33917587,long,maxilla,ungrafted,12,10,0.3,0.32,10,4.1,bone,0,10,prosthesis delivery (baseline),sign-flipped(neg=loss convention)
W3152386461,33917587,long,maxilla,ungrafted,18,10,0.4,0.37,10,4.1,bone,0,10,prosthesis delivery (baseline),sign-flipped(neg=loss convention)
W3152386461,33917587,long,maxilla,ungrafted,24,10,0.54,0.49,10,4.1,bone,0,10,prosthesis delivery (baseline),sign-flipped(neg=loss convention)
W4392986199,38690245,short,mandible,ungrafted,0,10,0.26,0.14,5,5.0,bone,0,5,loading,
W4392986199,38690245,short,mandible,ungrafted,6,10,0.21,0.07,5,5.0,bone,0,5,loading,
W4392986199,38690245,short,mandible,ungrafted,9,10,0.15,0.11,5,5.0,bone,0,5,loading,
W4392986199,38690245,short,mandible,ungrafted,12,10,0.14,0.05,5,5.0,bone,0,5,loading,
W1911723484,26391214,short,mixed,ungrafted,0,25,,,6,4,bone,0,6,"Paper's own 'baseline' = day of restoration placement (bitewing radiograph, Dolphin software); NOTE this baseline is already non-zero (medians 0.35/0.40/0.50mm for 6/8/11mm arms), i.e. it already reflects bone change accrued since implant placement/healing - true zero-reference is implant placement, not what the paper calls baseline.",
W1911723484,26391214,short,mixed,ungrafted,6,25,,,6,4,bone,0,6,"Paper's own 'baseline' = day of restoration placement (bitewing radiograph, Dolphin software); NOTE this baseline is already non-zero (medians 0.35/0.40/0.50mm for 6/8/11mm arms), i.e. it already reflects bone change accrued since implant placement/healing - true zero-reference is implant placement, not what the paper calls baseline.",
W1911723484,26391214,short,mixed,ungrafted,12,25,,,6,4,bone,0,6,"Paper's own 'baseline' = day of restoration placement (bitewing radiograph, Dolphin software); NOTE this baseline is already non-zero (medians 0.35/0.40/0.50mm for 6/8/11mm arms), i.e. it already reflects bone change accrued since implant placement/healing - true zero-reference is implant placement, not what the paper calls baseline.",
W1911723484,26391214,short,mixed,ungrafted,24,25,,,6,4,bone,0,6,"Paper's own 'baseline' = day of restoration placement (bitewing radiograph, Dolphin software); NOTE this baseline is already non-zero (medians 0.35/0.40/0.50mm for 6/8/11mm arms), i.e. it already reflects bone change accrued since implant placement/healing - true zero-reference is implant placement, not what the paper calls baseline.",
W1911723484,26391214,mid,mixed,ungrafted,0,20,,,8,4,bone,0,8,"Paper's own 'baseline' = day of restoration placement (bitewing radiograph, Dolphin software); NOTE this baseline is already non-zero (medians 0.35/0.40/0.50mm for 6/8/11mm arms), i.e. it already reflects bone change accrued since implant placement/healing - true zero-reference is implant placement, not what the paper calls baseline.",
W1911723484,26391214,mid,mixed,ungrafted,6,20,,,8,4,bone,0,8,"Paper's own 'baseline' = day of restoration placement (bitewing radiograph, Dolphin software); NOTE this baseline is already non-zero (medians 0.35/0.40/0.50mm for 6/8/11mm arms), i.e. it already reflects bone change accrued since implant placement/healing - true zero-reference is implant placement, not what the paper calls baseline.",
W1911723484,26391214,mid,mixed,ungrafted,12,20,,,8,4,bone,0,8,"Paper's own 'baseline' = day of restoration placement (bitewing radiograph, Dolphin software); NOTE this baseline is already non-zero (medians 0.35/0.40/0.50mm for 6/8/11mm arms), i.e. it already reflects bone change accrued since implant placement/healing - true zero-reference is implant placement, not what the paper calls baseline.",
W1911723484,26391214,mid,mixed,ungrafted,24,20,,,8,4,bone,0,8,"Paper's own 'baseline' = day of restoration placement (bitewing radiograph, Dolphin software); NOTE this baseline is already non-zero (medians 0.35/0.40/0.50mm for 6/8/11mm arms), i.e. it already reflects bone change accrued since implant placement/healing - true zero-reference is implant placement, not what the paper calls baseline.",
W1911723484,26391214,long,mixed,ungrafted,0,35,,,11,4,bone,0,11,"Paper's own 'baseline' = day of restoration placement (bitewing radiograph, Dolphin software); NOTE this baseline is already non-zero (medians 0.35/0.40/0.50mm for 6/8/11mm arms), i.e. it already reflects bone change accrued since implant placement/healing - true zero-reference is implant placement, not what the paper calls baseline.",
W1911723484,26391214,long,mixed,ungrafted,6,35,,,11,4,bone,0,11,"Paper's own 'baseline' = day of restoration placement (bitewing radiograph, Dolphin software); NOTE this baseline is already non-zero (medians 0.35/0.40/0.50mm for 6/8/11mm arms), i.e. it already reflects bone change accrued since implant placement/healing - true zero-reference is implant placement, not what the paper calls baseline.",
W1911723484,26391214,long,mixed,ungrafted,12,35,,,11,4,bone,0,11,"Paper's own 'baseline' = day of restoration placement (bitewing radiograph, Dolphin software); NOTE this baseline is already non-zero (medians 0.35/0.40/0.50mm for 6/8/11mm arms), i.e. it already reflects bone change accrued since implant placement/healing - true zero-reference is implant placement, not what the paper calls baseline.",
W1911723484,26391214,long,mixed,ungrafted,24,35,,,11,4,bone,0,11,"Paper's own 'baseline' = day of restoration placement (bitewing radiograph, Dolphin software); NOTE this baseline is already non-zero (medians 0.35/0.40/0.50mm for 6/8/11mm arms), i.e. it already reflects bone change accrued since implant placement/healing - true zero-reference is implant placement, not what the paper calls baseline.",
W2796429064,29621074,short,mandible,ungrafted,12,63,0.2,0.03,5.5,4.3-5.3 (range),tissue,2.5,5.5,"Bone level recorded immediately after surgical implant insertion (intraosseous length measured post-op) = reference point; measured mesially+distally via calibrated periapical radiographs (ITK-SNAP software) by 2 independent examiners, then a single per-implant mean loss used in Results (mesial/distal not reported separately).",
W2796429064,29621074,long,mandible,ungrafted,12,,0.18,0.01,8.2-10 (range),3.5-4.1 (range),tissue,2.5,,"Bone level recorded immediately after surgical implant insertion (intraosseous length measured post-op) = reference point; measured mesially+distally via calibrated periapical radiographs (ITK-SNAP software) by 2 independent examiners, then a single per-implant mean loss used in Results (mesial/distal not reported separately).",
W2796429064,29621074,short,mandible,ungrafted,49,63,1.1,0.77,5.5,4.3-5.3 (range),tissue,2.5,5.5,"Bone level recorded immediately after surgical implant insertion (intraosseous length measured post-op) = reference point; measured mesially+distally via calibrated periapical radiographs (ITK-SNAP software) by 2 independent examiners, then a single per-implant mean loss used in Results (mesial/distal not reported separately).",
W2796429064,29621074,long,mandible,ungrafted,49,,1.2,0.32,8.2-10 (range),3.5-4.1 (range),tissue,2.5,,"Bone level recorded immediately after surgical implant insertion (intraosseous length measured post-op) = reference point; measured mesially+distally via calibrated periapical radiographs (ITK-SNAP software) by 2 independent examiners, then a single per-implant mean loss used in Results (mesial/distal not reported separately).",
W3003957245,32012979,long,maxilla,ungrafted,0,11,1.04,0.78,8,3.3 or 4.1 (mixed),tissue,1.8,8,"Implant placement (day of surgery) = baseline; MBL measured from implant shoulder to first bone-to-implant contact on standardized periapical radiographs (paralleling technique, custom bite blocks), 1.8mm polished-neck portion subtracted from all readings before comparison.",
W3003957245,32012979,long,maxilla,ungrafted,12,11,1.27,0.85,8,3.3 or 4.1 (mixed),tissue,1.8,8,"Implant placement (day of surgery) = baseline; MBL measured from implant shoulder to first bone-to-implant contact on standardized periapical radiographs (paralleling technique, custom bite blocks), 1.8mm polished-neck portion subtracted from all readings before comparison.",
W3003957245,32012979,long,maxilla,ungrafted,24,11,0.87,0.41,8,3.3 or 4.1 (mixed),tissue,1.8,8,"Implant placement (day of surgery) = baseline; MBL measured from implant shoulder to first bone-to-implant contact on standardized periapical radiographs (paralleling technique, custom bite blocks), 1.8mm polished-neck portion subtracted from all readings before comparison.",
W3003957245,32012979,short,maxilla,ungrafted,0,11,0.89,0.88,4,4.1,tissue,1.8,4,"Implant placement (day of surgery) = baseline; MBL measured from implant shoulder to first bone-to-implant contact on standardized periapical radiographs (paralleling technique, custom bite blocks), 1.8mm polished-neck portion subtracted from all readings before comparison.",
W3003957245,32012979,short,maxilla,ungrafted,12,11,1.37,1.01,4,4.1,tissue,1.8,4,"Implant placement (day of surgery) = baseline; MBL measured from implant shoulder to first bone-to-implant contact on standardized periapical radiographs (paralleling technique, custom bite blocks), 1.8mm polished-neck portion subtracted from all readings before comparison.",
W3003957245,32012979,short,maxilla,ungrafted,24,11,1.14,0.95,4,4.1,tissue,1.8,4,"Implant placement (day of surgery) = baseline; MBL measured from implant shoulder to first bone-to-implant contact on standardized periapical radiographs (paralleling technique, custom bite blocks), 1.8mm polished-neck portion subtracted from all readings before comparison.",
felice-4x4,26355167,short,mixed,ungrafted,0,74,0.298,0.506,4.0,4.0,tissue,1.5,4,"periapical radiograph paralleling technique; mesial+distal crestal bone level to implant axis, OsiriX calibrated to implant diameter; reference = implant collar apical margin to first bone-to-implant contact",
felice-4x4,26355167,long,mixed,ungrafted,0,73,0.255,0.160,8.5-13.0 (mean 9.95mm; see quote),4.0,tissue,1.5,,"periapical radiograph paralleling technique; mesial+distal crestal bone level to implant axis, OsiriX calibrated to implant diameter; reference = implant collar apical margin to first bone-to-implant contact",
felice-4x4,26355167,short,mixed,ungrafted,4,74,0.399,0.264,4.0,4.0,tissue,1.5,4,"periapical radiograph paralleling technique; mesial+distal crestal bone level to implant axis, OsiriX calibrated to implant diameter; reference = implant collar apical margin to first bone-to-implant contact",
felice-4x4,26355167,long,mixed,ungrafted,4,73,0.434,0.245,8.5-13.0 (mean 9.95mm; see quote),4.0,tissue,1.5,,"periapical radiograph paralleling technique; mesial+distal crestal bone level to implant axis, OsiriX calibrated to implant diameter; reference = implant collar apical margin to first bone-to-implant contact",
felice-4x4,doi:10.36130/CTD.01.2019.03,short,mixed,ungrafted,12,75,0.550,0.257,4.0,4.0,tissue,1.5,4,"periapical radiograph paralleling technique; mesial+distal crestal bone level to implant axis, OsiriX calibrated to implant diameter; reference = implant collar apical margin to first bone-to-implant contact",
felice-4x4,doi:10.36130/CTD.01.2019.03,long,mixed,ungrafted,12,73,0.616,0.262,8.5-13.0 (mean 9.94mm; see quote),4.0,tissue,1.5,,"periapical radiograph paralleling technique; mesial+distal crestal bone level to implant axis, OsiriX calibrated to implant diameter; reference = implant collar apical margin to first bone-to-implant contact",
felice-4x4,doi:10.36130/CTD.01.2019.03,short,mixed,ungrafted,36,72,0.58,0.26,4.0,4.0,tissue,1.5,4,"periapical radiograph paralleling technique; mesial+distal crestal bone level to implant axis, OsiriX calibrated to implant diameter; reference = implant collar apical margin to first bone-to-implant contact",
felice-4x4,doi:10.36130/CTD.01.2019.03,long,mixed,ungrafted,36,69,0.66,0.30,8.5-13.0 (mean 9.94mm; see quote),4.0,tissue,1.5,,"periapical radiograph paralleling technique; mesial+distal crestal bone level to implant axis, OsiriX calibrated to implant diameter; reference = implant collar apical margin to first bone-to-implant contact",
2,31116188,short,mandible,ungrafted,0,20,0.59,0.05,6.0,4.0,,,6,implant collar margin to first bone-implant contact (UTHSCSA Image Tool + OsiriX),
2,31116188,long,mandible,grafted,0,19,0.55,0.05,,4.0,bone,0,,implant collar margin to first bone-implant contact (UTHSCSA Image Tool + OsiriX),
2,31116188,short,maxilla,ungrafted,0,20,0.47,0.05,6.0,4.0,,,6,implant collar margin to first bone-implant contact (UTHSCSA Image Tool + OsiriX),
2,31116188,long,maxilla,grafted,0,20,0.57,0.04,,4.0,bone,0,,implant collar margin to first bone-implant contact (UTHSCSA Image Tool + OsiriX),
2,31116188,short,mandible,ungrafted,12,19,1.05,0.06,6.0,4.0,,,6,implant collar margin to first bone-implant contact (UTHSCSA Image Tool + OsiriX),
2,31116188,long,mandible,grafted,12,18,1.07,0.06,,4.0,bone,0,,implant collar margin to first bone-implant contact (UTHSCSA Image Tool + OsiriX),
2,31116188,short,maxilla,ungrafted,12,20,1.02,0.06,6.0,4.0,,,6,implant collar margin to first bone-implant contact (UTHSCSA Image Tool + OsiriX),
2,31116188,long,maxilla,grafted,12,20,1.09,0.05,,4.0,bone,0,,implant collar margin to first bone-implant contact (UTHSCSA Image Tool + OsiriX),
2,31116188,short,mandible,ungrafted,36,15,1.25,0.35,6.0,4.0,,,6,implant collar margin to first bone-implant contact (UTHSCSA Image Tool + OsiriX),
2,31116188,long,mandible,grafted,36,14,1.54,0.14,,4.0,bone,0,,implant collar margin to first bone-implant contact (UTHSCSA Image Tool + OsiriX),
2,31116188,short,maxilla,ungrafted,36,18,1.28,0.37,6.0,4.0,,,6,implant collar margin to first bone-implant contact (UTHSCSA Image Tool + OsiriX),
2,31116188,long,maxilla,grafted,36,18,1.5,0.37,,4.0,bone,0,,implant collar margin to first bone-implant contact (UTHSCSA Image Tool + OsiriX),
2,31116188,short,mandible,ungrafted,60,12,1.34,0.35,6.0,4.0,,,6,implant collar margin to first bone-implant contact (UTHSCSA Image Tool + OsiriX),
2,31116188,long,mandible,grafted,60,12,2.11,0.59,,4.0,bone,0,,implant collar margin to first bone-implant contact (UTHSCSA Image Tool + OsiriX),
2,31116188,short,maxilla,ungrafted,60,16,1.52,0.47,6.0,4.0,,,6,implant collar margin to first bone-implant contact (UTHSCSA Image Tool + OsiriX),
2,31116188,long,maxilla,grafted,60,16,1.85,0.51,,4.0,bone,0,,implant collar margin to first bone-implant contact (UTHSCSA Image Tool + OsiriX),
2,24570981,short,mandible,ungrafted,12,18,1.05,0.06,6.0,4.0,,,6,not stated in abstract,sd-from-SR(Starch-Jensen & Nielsen 2018 JOMR 9(2):e2 Table 3 (PMC609025)
2,24570981,long,mandible,grafted,12,18,1.07,0.06,,4.0,,,,not stated in abstract,sd-from-SR(Starch-Jensen & Nielsen 2018 JOMR 9(2):e2 Table 3 (PMC609025)
2,24570981,short,maxilla,ungrafted,12,20,1.02,0.060,6.0,4.0,,,6,not stated in abstract,"derived-borrowed(from 12m, same trial/arm)"
2,24570981,long,maxilla,grafted,12,20,1.09,0.050,,4.0,,,,not stated in abstract,"derived-borrowed(from 12m, same trial/arm)"
2,29806665,short,mandible,ungrafted,36,17,1.25,0.350,6.0,4.0,,,6,not stated in abstract,"derived-borrowed(from 36m, same trial/arm)"
2,29806665,long,mandible,grafted,36,17,1.54,0.140,,4.0,,,,not stated in abstract,"derived-borrowed(from 36m, same trial/arm)"
2,29806665,short,maxilla,ungrafted,36,18,1.28,0.370,6.0,4.0,,,6,not stated in abstract,"derived-borrowed(from 36m, same trial/arm)"
2,29806665,long,maxilla,grafted,36,18,1.5,0.370,,4.0,,,,not stated in abstract,"derived-borrowed(from 36m, same trial/arm)"
cannizzaro-crossarch,25738177,short,mandible,ungrafted,12,15,0.08,0.03,5.0,5.0,bone,0,5,"peri-implant marginal bone level change, implant collar (most coronal margin) to most coronal bone-to-implant contact, periapical radiograph paralleling technique, mesial+distal averaged then patient-averaged; baseline = implant placement radiograph, follow-up = 1yr post-loading",n=patients(cross-arch; implant conversion pending descriptives)
cannizzaro-crossarch,25738177,long,mandible,ungrafted,12,15,0.51,0.10,11.5,4.1,bone,1.25,,"peri-implant marginal bone level change, implant collar (most coronal margin) to most coronal bone-to-implant contact, periapical radiograph paralleling technique, mesial+distal averaged then patient-averaged; baseline = implant placement radiograph, follow-up = 1yr post-loading",n=patients(cross-arch; implant conversion pending descriptives)
cannizzaro-crossarch,25738177,short,maxilla,ungrafted,12,15,0.15,0.04,5.0,5.0,bone,0,5,"peri-implant marginal bone level change, implant collar (most coronal margin) to most coronal bone-to-implant contact, periapical radiograph paralleling technique, mesial+distal averaged then patient-averaged; baseline = implant placement radiograph, follow-up = 1yr post-loading",n=patients(cross-arch; implant conversion pending descriptives)
cannizzaro-crossarch,25738177,long,maxilla,ungrafted,12,15,0.62,0.12,11.5,4.1,bone,1.25,,"peri-implant marginal bone level change, implant collar (most coronal margin) to most coronal bone-to-implant contact, periapical radiograph paralleling technique, mesial+distal averaged then patient-averaged; baseline = implant placement radiograph, follow-up = 1yr post-loading",n=patients(cross-arch; implant conversion pending descriptives)
cannizzaro-crossarch,30246183,short,mandible,ungrafted,60,,0.22,0.030,5.0,5.0,bone,0,5,"peri-implant marginal bone level change from implant placement to 5 years, patient-level (per 1-yr report methodology); abstract does not restate measurement method explicitly, inherited from index report","derived-borrowed(from 12m, same trial/arm); n=patients(cross-arch; implant conversion pending descriptives)"
cannizzaro-crossarch,30246183,long,mandible,ungrafted,60,,0.83,0.100,11.5,4.1,bone,1.25,,"peri-implant marginal bone level change from implant placement to 5 years, patient-level (per 1-yr report methodology); abstract does not restate measurement method explicitly, inherited from index report","derived-borrowed(from 12m, same trial/arm); n=patients(cross-arch; implant conversion pending descriptives)"
cannizzaro-crossarch,30246183,short,maxilla,ungrafted,60,,0.30,0.040,5.0,5.0,bone,0,5,"peri-implant marginal bone level change from implant placement to 5 years, patient-level (per 1-yr report methodology); abstract does not restate measurement method explicitly, inherited from index report","derived-borrowed(from 12m, same trial/arm); n=patients(cross-arch; implant conversion pending descriptives)"
cannizzaro-crossarch,30246183,long,maxilla,ungrafted,60,,0.89,0.120,11.5,4.1,bone,1.25,,"peri-implant marginal bone level change from implant placement to 5 years, patient-level (per 1-yr report methodology); abstract does not restate measurement method explicitly, inherited from index report","derived-borrowed(from 12m, same trial/arm); n=patients(cross-arch; implant conversion pending descriptives)"
W2005148312,25692556,short,mixed,ungrafted,0,30,1.78,0.55,6.0,4.1,tissue,1.8,6,"Distance from the implant shoulder (IS) to the first mesial/distal radiographic bone-to-implant contact, measured with a magnifying gradient index lens (x10); standardized intraoral radiographs with individualized templates. TS = time of surgery (implant placement) treated as the earliest baseline; the paper also separately reports 'loss in relation to previous period' deltas (Table 3) and explicitly isolates the placement-to-prosthesis-delivery (TS->T0) resorption as distinct from the functional-loading period (T0->T5). Sign convention: all values are positive/increasing bone-level distances = progressive bone loss; no negative-value convention used, no bone gain reported at either arm at any timepoint in Table 3.",
W2005148312,25692556,long,mixed,ungrafted,0,30,2.10,0.68,10.0,4.1,tissue,1.8,10,"Distance from the implant shoulder (IS) to the first mesial/distal radiographic bone-to-implant contact, measured with a magnifying gradient index lens (x10); standardized intraoral radiographs with individualized templates. TS = time of surgery (implant placement) treated as the earliest baseline; the paper also separately reports 'loss in relation to previous period' deltas (Table 3) and explicitly isolates the placement-to-prosthesis-delivery (TS->T0) resorption as distinct from the functional-loading period (T0->T5). Sign convention: all values are positive/increasing bone-level distances = progressive bone loss; no negative-value convention used, no bone gain reported at either arm at any timepoint in Table 3.",
W2005148312,25692556,short,mixed,ungrafted,2,30,2.16,0.45,6.0,4.1,tissue,1.8,6,"Distance from the implant shoulder (IS) to the first mesial/distal radiographic bone-to-implant contact, measured with a magnifying gradient index lens (x10); standardized intraoral radiographs with individualized templates. TS = time of surgery (implant placement) treated as the earliest baseline; the paper also separately reports 'loss in relation to previous period' deltas (Table 3) and explicitly isolates the placement-to-prosthesis-delivery (TS->T0) resorption as distinct from the functional-loading period (T0->T5). Sign convention: all values are positive/increasing bone-level distances = progressive bone loss; no negative-value convention used, no bone gain reported at either arm at any timepoint in Table 3.",
W2005148312,25692556,long,mixed,ungrafted,2,30,2.46,0.57,10.0,4.1,tissue,1.8,10,"Distance from the implant shoulder (IS) to the first mesial/distal radiographic bone-to-implant contact, measured with a magnifying gradient index lens (x10); standardized intraoral radiographs with individualized templates. TS = time of surgery (implant placement) treated as the earliest baseline; the paper also separately reports 'loss in relation to previous period' deltas (Table 3) and explicitly isolates the placement-to-prosthesis-delivery (TS->T0) resorption as distinct from the functional-loading period (T0->T5). Sign convention: all values are positive/increasing bone-level distances = progressive bone loss; no negative-value convention used, no bone gain reported at either arm at any timepoint in Table 3.",
W2005148312,25692556,short,mixed,ungrafted,12,30,2.29,0.46,6.0,4.1,tissue,1.8,6,"Distance from the implant shoulder (IS) to the first mesial/distal radiographic bone-to-implant contact, measured with a magnifying gradient index lens (x10); standardized intraoral radiographs with individualized templates. TS = time of surgery (implant placement) treated as the earliest baseline; the paper also separately reports 'loss in relation to previous period' deltas (Table 3) and explicitly isolates the placement-to-prosthesis-delivery (TS->T0) resorption as distinct from the functional-loading period (T0->T5). Sign convention: all values are positive/increasing bone-level distances = progressive bone loss; no negative-value convention used, no bone gain reported at either arm at any timepoint in Table 3.",
W2005148312,25692556,long,mixed,ungrafted,12,30,2.55,0.53,10.0,4.1,tissue,1.8,10,"Distance from the implant shoulder (IS) to the first mesial/distal radiographic bone-to-implant contact, measured with a magnifying gradient index lens (x10); standardized intraoral radiographs with individualized templates. TS = time of surgery (implant placement) treated as the earliest baseline; the paper also separately reports 'loss in relation to previous period' deltas (Table 3) and explicitly isolates the placement-to-prosthesis-delivery (TS->T0) resorption as distinct from the functional-loading period (T0->T5). Sign convention: all values are positive/increasing bone-level distances = progressive bone loss; no negative-value convention used, no bone gain reported at either arm at any timepoint in Table 3.",
W2005148312,25692556,short,mixed,ungrafted,24,30,2.31,0.50,6.0,4.1,tissue,1.8,6,"Distance from the implant shoulder (IS) to the first mesial/distal radiographic bone-to-implant contact, measured with a magnifying gradient index lens (x10); standardized intraoral radiographs with individualized templates. TS = time of surgery (implant placement) treated as the earliest baseline; the paper also separately reports 'loss in relation to previous period' deltas (Table 3) and explicitly isolates the placement-to-prosthesis-delivery (TS->T0) resorption as distinct from the functional-loading period (T0->T5). Sign convention: all values are positive/increasing bone-level distances = progressive bone loss; no negative-value convention used, no bone gain reported at either arm at any timepoint in Table 3.",
W2005148312,25692556,long,mixed,ungrafted,24,30,2.55,0.56,10.0,4.1,tissue,1.8,10,"Distance from the implant shoulder (IS) to the first mesial/distal radiographic bone-to-implant contact, measured with a magnifying gradient index lens (x10); standardized intraoral radiographs with individualized templates. TS = time of surgery (implant placement) treated as the earliest baseline; the paper also separately reports 'loss in relation to previous period' deltas (Table 3) and explicitly isolates the placement-to-prosthesis-delivery (TS->T0) resorption as distinct from the functional-loading period (T0->T5). Sign convention: all values are positive/increasing bone-level distances = progressive bone loss; no negative-value convention used, no bone gain reported at either arm at any timepoint in Table 3.",
W2005148312,25692556,short,mixed,ungrafted,36,30,2.34,0.54,6.0,4.1,tissue,1.8,6,"Distance from the implant shoulder (IS) to the first mesial/distal radiographic bone-to-implant contact, measured with a magnifying gradient index lens (x10); standardized intraoral radiographs with individualized templates. TS = time of surgery (implant placement) treated as the earliest baseline; the paper also separately reports 'loss in relation to previous period' deltas (Table 3) and explicitly isolates the placement-to-prosthesis-delivery (TS->T0) resorption as distinct from the functional-loading period (T0->T5). Sign convention: all values are positive/increasing bone-level distances = progressive bone loss; no negative-value convention used, no bone gain reported at either arm at any timepoint in Table 3.",
W2005148312,25692556,long,mixed,ungrafted,36,30,2.59,0.56,10.0,4.1,tissue,1.8,10,"Distance from the implant shoulder (IS) to the first mesial/distal radiographic bone-to-implant contact, measured with a magnifying gradient index lens (x10); standardized intraoral radiographs with individualized templates. TS = time of surgery (implant placement) treated as the earliest baseline; the paper also separately reports 'loss in relation to previous period' deltas (Table 3) and explicitly isolates the placement-to-prosthesis-delivery (TS->T0) resorption as distinct from the functional-loading period (T0->T5). Sign convention: all values are positive/increasing bone-level distances = progressive bone loss; no negative-value convention used, no bone gain reported at either arm at any timepoint in Table 3.",
W2005148312,25692556,short,mixed,ungrafted,48,30,2.33,0.55,6.0,4.1,tissue,1.8,6,"Distance from the implant shoulder (IS) to the first mesial/distal radiographic bone-to-implant contact, measured with a magnifying gradient index lens (x10); standardized intraoral radiographs with individualized templates. TS = time of surgery (implant placement) treated as the earliest baseline; the paper also separately reports 'loss in relation to previous period' deltas (Table 3) and explicitly isolates the placement-to-prosthesis-delivery (TS->T0) resorption as distinct from the functional-loading period (T0->T5). Sign convention: all values are positive/increasing bone-level distances = progressive bone loss; no negative-value convention used, no bone gain reported at either arm at any timepoint in Table 3.",
W2005148312,25692556,long,mixed,ungrafted,48,30,2.64,0.57,10.0,4.1,tissue,1.8,10,"Distance from the implant shoulder (IS) to the first mesial/distal radiographic bone-to-implant contact, measured with a magnifying gradient index lens (x10); standardized intraoral radiographs with individualized templates. TS = time of surgery (implant placement) treated as the earliest baseline; the paper also separately reports 'loss in relation to previous period' deltas (Table 3) and explicitly isolates the placement-to-prosthesis-delivery (TS->T0) resorption as distinct from the functional-loading period (T0->T5). Sign convention: all values are positive/increasing bone-level distances = progressive bone loss; no negative-value convention used, no bone gain reported at either arm at any timepoint in Table 3.",
W2005148312,25692556,short,mixed,ungrafted,60,30,2.30,0.52,6.0,4.1,tissue,1.8,6,"Distance from the implant shoulder (IS) to the first mesial/distal radiographic bone-to-implant contact, measured with a magnifying gradient index lens (x10); standardized intraoral radiographs with individualized templates. TS = time of surgery (implant placement) treated as the earliest baseline; the paper also separately reports 'loss in relation to previous period' deltas (Table 3) and explicitly isolates the placement-to-prosthesis-delivery (TS->T0) resorption as distinct from the functional-loading period (T0->T5). Sign convention: all values are positive/increasing bone-level distances = progressive bone loss; no negative-value convention used, no bone gain reported at either arm at any timepoint in Table 3.",
W2005148312,25692556,long,mixed,ungrafted,60,30,2.64,0.56,10.0,4.1,tissue,1.8,10,"Distance from the implant shoulder (IS) to the first mesial/distal radiographic bone-to-implant contact, measured with a magnifying gradient index lens (x10); standardized intraoral radiographs with individualized templates. TS = time of surgery (implant placement) treated as the earliest baseline; the paper also separately reports 'loss in relation to previous period' deltas (Table 3) and explicitly isolates the placement-to-prosthesis-delivery (TS->T0) resorption as distinct from the functional-loading period (T0->T5). Sign convention: all values are positive/increasing bone-level distances = progressive bone loss; no negative-value convention used, no bone gain reported at either arm at any timepoint in Table 3.",
W2170085085,23413769,short,mixed,ungrafted,12,53,0.71,0.23,"6.5 / 7.5 / 8.5 mm (mixed, not split by jaw; see Table 1 p.51 for overall length distribution)","3.75-5 mm (mixed, mostly 4mm; see Table 1 p.51)",bone,0,,bone level at the time of provisional prosthesis placement (baseline),
W2170085085,23413769,short,maxilla,ungrafted,12,26,0.69,0.24,"6.5 / 7.5 / 8.5 mm (mixed; jaw-specific length breakdown not reported, only overall in Table 1 p.51)",3.75-5 mm (mixed; jaw-specific breakdown not reported),bone,0,,bone level at the time of provisional prosthesis placement (baseline),
W2170085085,23413769,short,mandible,ungrafted,12,27,0.73,0.23,"6.5 / 7.5 / 8.5 mm (mixed; jaw-specific length breakdown not reported, only overall in Table 1 p.51)",3.75-5 mm (mixed; jaw-specific breakdown not reported),bone,0,,bone level at the time of provisional prosthesis placement (baseline),
W2896165594,30307129,short,mandible,ungrafted,0,10,0.28,0.26,4.0,4.1,tissue,1.8,4,"MBL determined as distance from implant shoulder to most coronal point of bone-to-implant contact on mesial/distal side; measured at implant placement (IP), delivery of definitive prostheses (PP/loading), and 1-year thereafter (FU-1); ""changes in MBL were calculated from IP to PP and from IP to FU-1"" (Methods 2.5, p.999). This row = IP-to-PP (""at loading"") change.",
W2896165594,30307129,long,mandible,grafted,0,10,0.15,0.53,8 or 10 (mostly 8mm; see quote),4.1,tissue,1.8,,"MBL determined as distance from implant shoulder to most coronal point of bone-to-implant contact on mesial/distal side; measured at implant placement (IP), delivery of definitive prostheses (PP/loading), and 1-year thereafter (FU-1); ""changes in MBL were calculated from IP to PP and from IP to FU-1"" (Methods 2.5, p.999). This row = IP-to-PP (""at loading"") change.",
W2896165594,30307129,short,mandible,ungrafted,12,10,0.30,0.34,4.0,4.1,tissue,1.8,4,"MBL determined as distance from implant shoulder to most coronal point of bone-to-implant contact on mesial/distal side; measured at implant placement (IP), delivery of definitive prostheses (PP/loading), and 1-year thereafter (FU-1); ""changes in MBL were calculated from IP to PP and from IP to FU-1"" (Methods 2.5, p.999). This row = IP-to-FU-1 (""1-year after loading"") change.",
W2896165594,30307129,long,mandible,grafted,12,10,0.47,0.54,8 or 10 (mostly 8mm; see quote),4.1,tissue,1.8,,"MBL determined as distance from implant shoulder to most coronal point of bone-to-implant contact on mesial/distal side; measured at implant placement (IP), delivery of definitive prostheses (PP/loading), and 1-year thereafter (FU-1); ""changes in MBL were calculated from IP to PP and from IP to FU-1"" (Methods 2.5, p.999). This row = IP-to-FU-1 (""1-year after loading"") change.",
W3024572837,32406660,short,mixed,grafted,38,62,0.35,0.24,5 and 6 (mixed; paper does not split extra-short into 5mm vs 6mm subgroups in results),"5 and 6 mixed (~48 implants 5mm-diam + ~14 6mm-diam per Fig 7, not exact)",bone,0,,"implant placement (radiographic baseline calibrated at day of implant surgery per VixWin Platinum software; periapical radiograph, mesial+distal measurements averaged)",
W3024572837,32406660,mid,mixed,ungrafted,38,15,0.25,0.17,6.5,"mostly 5mm-diam (~14), few 6mm-diam (~1) per Fig 7, not exact",bone,0,6.5,"implant placement (radiographic baseline calibrated at day of implant surgery per VixWin Platinum software; periapical radiograph, mesial+distal measurements averaged)",
W3024572837,32406660,long,mixed,ungrafted,38,69,0.92,0.26,>=10 (exact standard lengths beyond the >=10mm threshold not reported),"4mm-diam (~41) or 5mm-diam (~28) per Fig 7, not exact; ALL 4mm-diameter standard implants were NOT platform-switched",bone,0,,"implant placement (radiographic baseline calibrated at day of implant surgery per VixWin Platinum software; periapical radiograph, mesial+distal measurements averaged)",
W3178976371,34268630,short,maxilla,ungrafted,7,20,0.32,0.15,6.0,4.2,bone,0,6,"Peri-implant marginal bone loss (PIMBL) estimated by linear measurements on digital periapical radiographs (ImageJ, National Institute of Mental Health, Bethesda). Distance from implant-abutment connection to the most coronal bone-to-implant contact, measured mesially and distally parallel to the implant long axis. Three examination points: implant placement (IP), 'baseline' (~6-7 months later at definitive-crown delivery), and 1 year after functional implant loading. Sign convention: all reported deltas are positive values representing bone loss (increasing distance over time); no negative/gain values reported, no explicit sign-convention statement beyond this.",
W3178976371,34268630,long,maxilla,grafted,7,17,0.25,0.12,13.0,4.2,bone,0,13,"Peri-implant marginal bone loss (PIMBL) estimated by linear measurements on digital periapical radiographs (ImageJ, National Institute of Mental Health, Bethesda). Distance from implant-abutment connection to the most coronal bone-to-implant contact, measured mesially and distally parallel to the implant long axis. Three examination points: implant placement (IP), 'baseline' (~6-7 months later at definitive-crown delivery), and 1 year after functional implant loading. Sign convention: all reported deltas are positive values representing bone loss (increasing distance over time); no negative/gain values reported, no explicit sign-convention statement beyond this.",
W3178976371,34268630,short,maxilla,ungrafted,12,20,0.28,0.17,6.0,4.2,bone,0,6,"Peri-implant marginal bone loss (PIMBL) estimated by linear measurements on digital periapical radiographs (ImageJ, National Institute of Mental Health, Bethesda). Distance from implant-abutment connection to the most coronal bone-to-implant contact, measured mesially and distally parallel to the implant long axis. Three examination points: implant placement (IP), 'baseline' (~6-7 months later at definitive-crown delivery), and 1 year after functional implant loading. Sign convention: all reported deltas are positive values representing bone loss (increasing distance over time); no negative/gain values reported, no explicit sign-convention statement beyond this.",
W3178976371,34268630,long,maxilla,grafted,12,17,0.26,0.14,13.0,4.2,bone,0,13,"Peri-implant marginal bone loss (PIMBL) estimated by linear measurements on digital periapical radiographs (ImageJ, National Institute of Mental Health, Bethesda). Distance from implant-abutment connection to the most coronal bone-to-implant contact, measured mesially and distally parallel to the implant long axis. Three examination points: implant placement (IP), 'baseline' (~6-7 months later at definitive-crown delivery), and 1 year after functional implant loading. Sign convention: all reported deltas are positive values representing bone loss (increasing distance over time); no negative/gain values reported, no explicit sign-convention statement beyond this.",
W3178976371,34268630,short,maxilla,ungrafted,19,20,0.60,0.17,6.0,4.2,bone,0,6,"Peri-implant marginal bone loss (PIMBL) estimated by linear measurements on digital periapical radiographs (ImageJ, National Institute of Mental Health, Bethesda). Distance from implant-abutment connection to the most coronal bone-to-implant contact, measured mesially and distally parallel to the implant long axis. Three examination points: implant placement (IP), 'baseline' (~6-7 months later at definitive-crown delivery), and 1 year after functional implant loading. Sign convention: all reported deltas are positive values representing bone loss (increasing distance over time); no negative/gain values reported, no explicit sign-convention statement beyond this.",
W3178976371,34268630,long,maxilla,grafted,19,17,0.51,0.14,13.0,4.2,bone,0,13,"Peri-implant marginal bone loss (PIMBL) estimated by linear measurements on digital periapical radiographs (ImageJ, National Institute of Mental Health, Bethesda). Distance from implant-abutment connection to the most coronal bone-to-implant contact, measured mesially and distally parallel to the implant long axis. Three examination points: implant placement (IP), 'baseline' (~6-7 months later at definitive-crown delivery), and 1 year after functional implant loading. Sign convention: all reported deltas are positive values representing bone loss (increasing distance over time); no negative/gain values reported, no explicit sign-convention statement beyond this.",
W2895578297,30429964,short,mixed,ungrafted,0,58,0.02,0.05,6.0,not reported,bone,1.5,6,"Reference points = most coronal margin of implant collar to most coronal point of bone-to-implant contact (Image J 1.42, calibrated to known implant diameter); periapical radiographs, paralleling technique. Timepoints as printed: at implant placement, and 12/24 months AFTER LOADING (loading occurred 3 months after placement, so these are NOT 12/24 months post-placement) - recorded here as 0/12/24 per the paper's own labelling, with this offset flagged.",
W2895578297,30429964,long,mixed,ungrafted,0,47,0.03,0.06,10.0,not reported,bone,1.5,10,"Reference points = most coronal margin of implant collar to most coronal point of bone-to-implant contact (Image J 1.42, calibrated to known implant diameter); periapical radiographs, paralleling technique. Timepoints as printed: at implant placement, and 12/24 months AFTER LOADING (loading occurred 3 months after placement, so these are NOT 12/24 months post-placement) - recorded here as 0/12/24 per the paper's own labelling, with this offset flagged.",
W2895578297,30429964,short,mixed,ungrafted,12,58,0.36,0.31,6.0,not reported,bone,1.5,6,"Reference points = most coronal margin of implant collar to most coronal point of bone-to-implant contact (Image J 1.42, calibrated to known implant diameter); periapical radiographs, paralleling technique. Timepoints as printed: at implant placement, and 12/24 months AFTER LOADING (loading occurred 3 months after placement, so these are NOT 12/24 months post-placement) - recorded here as 0/12/24 per the paper's own labelling, with this offset flagged.",
W2895578297,30429964,long,mixed,ungrafted,12,47,0.34,0.35,10.0,not reported,bone,1.5,10,"Reference points = most coronal margin of implant collar to most coronal point of bone-to-implant contact (Image J 1.42, calibrated to known implant diameter); periapical radiographs, paralleling technique. Timepoints as printed: at implant placement, and 12/24 months AFTER LOADING (loading occurred 3 months after placement, so these are NOT 12/24 months post-placement) - recorded here as 0/12/24 per the paper's own labelling, with this offset flagged.",
W2895578297,30429964,short,mixed,ungrafted,24,58,0.41,0.38,6.0,not reported,bone,1.5,6,"Reference points = most coronal margin of implant collar to most coronal point of bone-to-implant contact (Image J 1.42, calibrated to known implant diameter); periapical radiographs, paralleling technique. Timepoints as printed: at implant placement, and 12/24 months AFTER LOADING (loading occurred 3 months after placement, so these are NOT 12/24 months post-placement) - recorded here as 0/12/24 per the paper's own labelling, with this offset flagged.",
W2895578297,30429964,long,mixed,ungrafted,24,47,0.46,0.41,10.0,not reported,bone,1.5,10,"Reference points = most coronal margin of implant collar to most coronal point of bone-to-implant contact (Image J 1.42, calibrated to known implant diameter); periapical radiographs, paralleling technique. Timepoints as printed: at implant placement, and 12/24 months AFTER LOADING (loading occurred 3 months after placement, so these are NOT 12/24 months post-placement) - recorded here as 0/12/24 per the paper's own labelling, with this offset flagged.",
W3175776636,34248151,short,maxilla,grafted,60,30,-0.33,0.11,"5 and 6mm (mixed: 5x6mm n=13, 5x5mm n=7, 6x5mm n=7, 6x6mm n=3, diameter x length as printed)","5 and 6mm (see nominal_length_mm - reported only as diameter x length pairs, not separable)",bone,0,,"Maximum mesial/distal distance from implant-abutment junction (IAJ) to marginal bone, digital periapical radiographs (Dentsply Sirona software), calibrated using implant length as control. SIGN CONVENTION explicitly stated by authors: POSITIVE value = bone level CORONAL to/over the IAJ; NEGATIVE value = bone level APICAL to/below the IAJ; ZERO = bone level exactly at IAJ. 'Baseline' = 1 MONTH after prosthetic loading (NOT at implant placement; loading itself occurred ~6-6.5 months after implant placement, so this 'baseline' is roughly 7-7.5 months post-placement). Final follow-up = 'five years' (60 months) - clock-start (from placement, or from loading) is not disambiguated in the text.",
esposito-5mm-augmented-3y5y,20467603,long,mandible,ungrafted,4,30,,,10.4,4.0,bone,0,10.4,"most coronal margin of implant collar to most coronal bone-implant contact point, periapical radiograph, paralleling technique",
esposito-5mm-augmented-3y5y,20467603,short,mandible,ungrafted,4,26,,,5.0,6.0,bone,0,5,"most coronal margin of implant collar to most coronal bone-implant contact point, periapical radiograph, paralleling technique",
esposito-5mm-augmented-3y5y,20467603,long,maxilla,ungrafted,4,38,,,12.4,4.0,bone,0,12.4,"most coronal margin of implant collar to most coronal bone-implant contact point, periapical radiograph, paralleling technique",
esposito-5mm-augmented-3y5y,20467603,short,maxilla,ungrafted,4,34,,,5.0,6.0,bone,0,5,"most coronal margin of implant collar to most coronal bone-implant contact point, periapical radiograph, paralleling technique",
esposito-5mm-augmented-3y5y,21594216,long,mixed,ungrafted,-4,,0.32,0.17,10,6.0,bone,0,10,"most coronal margin of implant collar to most coronal bone-implant contact point, periapical radiograph, paralleling technique",
esposito-5mm-augmented-3y5y,21594216,long,mixed,ungrafted,0,,0.56,0.18,10,6.0,bone,0,10,"most coronal margin of implant collar to most coronal bone-implant contact point, periapical radiograph, paralleling technique",
esposito-5mm-augmented-3y5y,21594216,long,mixed,ungrafted,12,,1.48,0.5,10,6.0,bone,0,10,"most coronal margin of implant collar to most coronal bone-implant contact point, periapical radiograph, paralleling technique",
esposito-5mm-augmented-3y5y,21594216,short,mixed,ungrafted,-4,,0.33,0.21,5,6.0,bone,0,5,"most coronal margin of implant collar to most coronal bone-implant contact point, periapical radiograph, paralleling technique",
esposito-5mm-augmented-3y5y,21594216,short,mixed,ungrafted,0,,0.55,0.23,5,6.0,bone,0,5,"most coronal margin of implant collar to most coronal bone-implant contact point, periapical radiograph, paralleling technique",
esposito-5mm-augmented-3y5y,21594216,short,mixed,ungrafted,12,,1.3,0.57,5,6.0,bone,0,5,"most coronal margin of implant collar to most coronal bone-implant contact point, periapical radiograph, paralleling technique",
esposito-5mm-augmented-3y5y,25422826,short,mandible,ungrafted,-4,15,0.34,0.17,5,6.0,bone,0,5,"most coronal margin of implant collar to most coronal bone-implant contact point, periapical radiograph, paralleling technique",
esposito-5mm-augmented-3y5y,25422826,short,mandible,ungrafted,0,15,0.65,0.21,5,6.0,bone,0,5,"most coronal margin of implant collar to most coronal bone-implant contact point, periapical radiograph, paralleling technique",
esposito-5mm-augmented-3y5y,25422826,short,mandible,ungrafted,12,15,1.54,0.53,5,6.0,bone,0,5,"most coronal margin of implant collar to most coronal bone-implant contact point, periapical radiograph, paralleling technique",
esposito-5mm-augmented-3y5y,25422826,short,mandible,ungrafted,36,13,1.79,0.51,5,6.0,bone,0,5,"most coronal margin of implant collar to most coronal bone-implant contact point, periapical radiograph, paralleling technique",
esposito-5mm-augmented-3y5y,25422826,long,mandible,ungrafted,-4,15,0.33,0.2,10,6.0,bone,0,10,"most coronal margin of implant collar to most coronal bone-implant contact point, periapical radiograph, paralleling technique",
esposito-5mm-augmented-3y5y,25422826,long,mandible,ungrafted,0,15,0.55,0.22,10,6.0,bone,0,10,"most coronal margin of implant collar to most coronal bone-implant contact point, periapical radiograph, paralleling technique",
esposito-5mm-augmented-3y5y,25422826,long,mandible,ungrafted,12,15,1.53,0.54,10,6.0,bone,0,10,"most coronal margin of implant collar to most coronal bone-implant contact point, periapical radiograph, paralleling technique",
esposito-5mm-augmented-3y5y,25422826,long,mandible,ungrafted,36,14,1.97,0.57,10,6.0,bone,0,10,"most coronal margin of implant collar to most coronal bone-implant contact point, periapical radiograph, paralleling technique",
esposito-5mm-augmented-3y5y,25422826,short,maxilla,ungrafted,-4,15,0.31,0.25,5,6.0,bone,0,5,"most coronal margin of implant collar to most coronal bone-implant contact point, periapical radiograph, paralleling technique",
esposito-5mm-augmented-3y5y,25422826,short,maxilla,ungrafted,0,15,0.46,0.21,5,6.0,bone,0,5,"most coronal margin of implant collar to most coronal bone-implant contact point, periapical radiograph, paralleling technique",
esposito-5mm-augmented-3y5y,25422826,short,maxilla,ungrafted,12,15,1.06,0.52,5,6.0,bone,0,5,"most coronal margin of implant collar to most coronal bone-implant contact point, periapical radiograph, paralleling technique",
esposito-5mm-augmented-3y5y,25422826,short,maxilla,ungrafted,36,13,1.36,0.53,5,6.0,bone,0,5,"most coronal margin of implant collar to most coronal bone-implant contact point, periapical radiograph, paralleling technique",
esposito-5mm-augmented-3y5y,25422826,long,maxilla,ungrafted,-4,15,0.3,0.14,10,6.0,bone,0,10,"most coronal margin of implant collar to most coronal bone-implant contact point, periapical radiograph, paralleling technique",
esposito-5mm-augmented-3y5y,25422826,long,maxilla,ungrafted,0,15,0.58,0.13,10,6.0,bone,0,10,"most coronal margin of implant collar to most coronal bone-implant contact point, periapical radiograph, paralleling technique",
esposito-5mm-augmented-3y5y,25422826,long,maxilla,ungrafted,12,15,1.43,0.47,10,6.0,bone,0,10,"most coronal margin of implant collar to most coronal bone-implant contact point, periapical radiograph, paralleling technique",
esposito-5mm-augmented-3y5y,25422826,long,maxilla,ungrafted,36,14,1.74,0.37,10,6.0,bone,0,10,"most coronal margin of implant collar to most coronal bone-implant contact point, periapical radiograph, paralleling technique",
esposito-5mm-augmented-3y5y,25422826,short,mixed,ungrafted,-4,30,0.33,0.21,5,6.0,bone,0,5,"most coronal margin of implant collar to most coronal bone-implant contact point, periapical radiograph, paralleling technique",
esposito-5mm-augmented-3y5y,25422826,short,mixed,ungrafted,0,30,0.55,0.23,5,6.0,bone,0,5,"most coronal margin of implant collar to most coronal bone-implant contact point, periapical radiograph, paralleling technique",
esposito-5mm-augmented-3y5y,25422826,short,mixed,ungrafted,12,30,1.3,0.57,5,6.0,bone,0,5,"most coronal margin of implant collar to most coronal bone-implant contact point, periapical radiograph, paralleling technique",
esposito-5mm-augmented-3y5y,25422826,short,mixed,ungrafted,36,26,1.57,0.55,5,6.0,bone,0,5,"most coronal margin of implant collar to most coronal bone-implant contact point, periapical radiograph, paralleling technique",
esposito-5mm-augmented-3y5y,25422826,long,mixed,ungrafted,-4,30,0.32,0.17,10,6.0,bone,0,10,"most coronal margin of implant collar to most coronal bone-implant contact point, periapical radiograph, paralleling technique",
esposito-5mm-augmented-3y5y,25422826,long,mixed,ungrafted,0,30,0.55,0.23,10,6.0,bone,0,10,"most coronal margin of implant collar to most coronal bone-implant contact point, periapical radiograph, paralleling technique",
esposito-5mm-augmented-3y5y,25422826,long,mixed,ungrafted,12,30,1.3,0.57,10,6.0,bone,0,10,"most coronal margin of implant collar to most coronal bone-implant contact point, periapical radiograph, paralleling technique",
esposito-5mm-augmented-3y5y,25422826,long,mixed,ungrafted,12,30,1.48,0.5,10,6.0,bone,0,10,"most coronal margin of implant collar to most coronal bone-implant contact point, periapical radiograph, paralleling technique",
esposito-5mm-augmented-3y5y,25422826,long,mixed,ungrafted,36,26,1.87,0.5,10,6.0,bone,0,10,"most coronal margin of implant collar to most coronal bone-implant contact point, periapical radiograph, paralleling technique",
esposito-5mm-augmented-3y5y,31116186,short,mandible,ungrafted,60,,1.72,0.510,5,6.0,bone,0,5,"most coronal margin of implant collar to most coronal bone-implant contact point, periapical radiograph, paralleling technique","derived-borrowed(from 36m, same trial/arm)"
esposito-5mm-augmented-3y5y,31116186,long,mandible,ungrafted,60,,2.1,0.570,10,6.0,bone,0,10,"most coronal margin of implant collar to most coronal bone-implant contact point, periapical radiograph, paralleling technique","derived-borrowed(from 36m, same trial/arm)"
esposito-5mm-augmented-3y5y,31116186,short,maxilla,ungrafted,60,,1.31,0.530,5,6.0,bone,0,5,"most coronal margin of implant collar to most coronal bone-implant contact point, periapical radiograph, paralleling technique","derived-borrowed(from 36m, same trial/arm)"
esposito-5mm-augmented-3y5y,31116186,long,maxilla,ungrafted,60,,1.79,0.370,10,6.0,bone,0,10,"most coronal margin of implant collar to most coronal bone-implant contact point, periapical radiograph, paralleling technique","derived-borrowed(from 36m, same trial/arm)"
hadzik-wroclaw,30104560,long,maxilla,ungrafted,36,15,0.22,0.46,"11 and 13 (mixed: 10x L11, 5x L13)",4,bone,0,,"CBCT (Galileos D3437) + RVG periapical, before surgery (T0) vs 36 months (T2); reference point/calibration method not explicitly detailed in this report (contrast with 7-yr report which specifies implant-neck reference, 4-pt M/D/B/P mean)",
hadzik-wroclaw,30104560,short,maxilla,ungrafted,36,14,0.34,0.24,6,4,bone,0,6,"CBCT + RVG periapical, before surgery (T0) vs 36 months (T2)",
hadzik-wroclaw,29862269,long,maxilla,ungrafted,36,15,0.22,0.46,"11 and 13 (mixed, same cohort as 30104560)",4,bone,0,,"CBCT+RVG, T0 defined here as 'immediately after implant placement' (T0) vs 36 months (T1) - NOTE: differs in wording from 30104560's T0='before surgery'; 4-point M/D/B/P CBCT + mesial/distal periapical mean, calibrated to known implant length",
hadzik-wroclaw,29862269,short,maxilla,ungrafted,36,15,0.34,0.24,6,4,bone,0,6,"CBCT+RVG, T0='immediately after implant placement' vs 36 months (T1); 4-point mean",
hadzik-wroclaw,33804340,long,maxilla,ungrafted,84,15,0.53,0.75,"11 and 13 (mixed, same cohort)",4,bone,0,,"CBCT (Galileos D3437) + periapical (Visualix eHD); implant neck/platform taken as reference (implants placed at bone level, level 0 = initial value); 4-point (M/D/B/P) CBCT mean, calibrated to known implant length",
hadzik-wroclaw,33804340,long,maxilla,ungrafted,84,15,0.52,0.750,"11 and 13 (mixed, same cohort)",4,bone,0,,same as above,"derived-borrowed(from 84m, same trial/arm)"
hadzik-wroclaw,33804340,short,maxilla,ungrafted,84,13,0.50,0.35,6,4,bone,0,6,"CBCT+periapical, implant-neck reference, 4-point mean",
hadzik-wroclaw,33804340,short,maxilla,ungrafted,36,,,,,,,,,,
hadzik-wroclaw,33804340,short,maxilla,ungrafted,36,,,,,,,,,,
astra-6v11-fdp,22938573,short,mixed,ungrafted,12,86,-0.06,0.27,6,4.0,bone,0,6,loading,
astra-6v11-fdp,22938573,long,mixed,ungrafted,12,92,-0.02,0.60,11,4.0,bone,0,11,loading,
astra-6v11-fdp,30003598,short,mixed,ungrafted,36,,-0.04,0.43,6,4.0,bone,0,6,loading,
astra-6v11-fdp,30003598,long,mixed,ungrafted,36,,0.02,0.76,11,4.0,bone,0,11,loading,
astra-6v11-fdp,33025645,short,mixed,ungrafted,60,94,0.01,0.45,6,4.0,bone,0,6,loading,
astra-6v11-fdp,33025645,long,mixed,ungrafted,60,80,-0.12,0.93,11,4.0,bone,0,11,loading,
thoma-6v11-SFE,28081288,short,maxilla,ungrafted,0,60,0.03,0.15,6,4.0,bone,0,6,surgery,
thoma-6v11-SFE,28081288,long,maxilla,ungrafted,0,58,0.06,0.20,11-15,4.0,bone,0,,surgery,
thoma-6v11-SFE,28081288,short,maxilla,ungrafted,0,55,0.30,0.45,6,4.0,bone,0,6,prosthesis,
thoma-6v11-SFE,28081288,long,maxilla,ungrafted,0,56,0.27,0.45,11-15,4.0,bone,0,,prosthesis,
thoma-6v11-SFE,28081288,short,maxilla,ungrafted,36,58,0.44,0.44,6,4.0,bone,0,6,loading,
thoma-6v11-SFE,28081288,long,maxilla,ungrafted,36,63,0.45,0.55,11-15,4.0,bone,0,,loading,
thoma-6v11-SFE,30341961,short,maxilla,ungrafted,0,55,0.30,0.45,6,4.0,bone,0,6,prosthesis,
thoma-6v11-SFE,30341961,long,maxilla,ungrafted,0,56,0.27,0.45,11-15,4.0,bone,0,,prosthesis,
thoma-6v11-SFE,30341961,short,maxilla,ungrafted,60,53,0.45,0.79,6,4.0,bone,0,6,loading,
thoma-6v11-SFE,30341961,long,maxilla,ungrafted,60,62,0.45,0.91,11-15,4.0,bone,0,,loading,
thoma-6v11-SFE,38296249,short,maxilla,ungrafted,120,48,,,6,4.0,bone,0,6,loading,
thoma-6v11-SFE,38296249,long,maxilla,ungrafted,120,57,,,11-15,4.0,bone,0,,loading,
thoma-6v11-SFE,26425812,short,maxilla,ungrafted,,,,,,,,,,,
thoma-6v11-SFE,26425812,long,maxilla,ungrafted,,,,,,,,,,,
romeo-storelli-6v10,25422825,short,mixed,ungrafted,12,24,0.18,0.32,6.0,4.1,tissue,2.8,6,"MBL = 'the difference between the distance of the implant shoulder and the first bone-to-implant contact point at two time points' (p.375), mesial+distal averaged, calibrated per-implant to known implant length; baseline radiograph = moment of prosthesis delivery (8 weeks after implant insertion), NOT day of implant placement (p.375, 379); patient is unit of analysis",
romeo-storelli-6v10,25422825,long,mixed,ungrafted,12,28,0.04,0.24,10.0,4.1,tissue,2.8,10,"MBL = 'the difference between the distance of the implant shoulder and the first bone-to-implant contact point at two time points' (p.375), mesial+distal averaged, calibrated per-implant to known implant length; baseline radiograph = moment of prosthesis delivery (8 weeks after implant insertion), NOT day of implant placement (p.375, 379); patient is unit of analysis",
romeo-storelli-6v10,25422825,short,mixed,ungrafted,60,21,0.43,0.34,6.0,4.1,tissue,2.8,6,MBL = 'the difference between the distance of the implant shoulder and the first bone-to-implant contact point at two time points' (p.375); baseline radiograph = moment of prosthesis delivery (8 weeks after implant insertion); patient is unit of analysis,
romeo-storelli-6v10,25422825,long,mixed,ungrafted,60,19,0.24,0.45,10.0,4.1,tissue,2.8,10,MBL = 'the difference between the distance of the implant shoulder and the first bone-to-implant contact point at two time points' (p.375); baseline radiograph = moment of prosthesis delivery (8 weeks after implant insertion); patient is unit of analysis,
romeo-storelli-6v10,30246182,short,mixed,ungrafted,120,,0.84,0.88,6.0,,,,6,"MBL change from prosthesis delivery to 10 years, patient-level (per 5-yr report methodology, inherited - not restated in abstract)","sd-from-SR(Lin L, Ren Y, Zhu E, Wang X, Yao Q. Ten-year outcomes of sho)"
romeo-storelli-6v10,30246182,long,mixed,ungrafted,120,,0.37,0.57,10.0,,,,10,"MBL change from prosthesis delivery to 10 years, patient-level (per 5-yr report methodology, inherited - not restated in abstract)","sd-from-SR(Lin L, Ren Y, Zhu E, Wang X, Yao Q. Ten-year outcomes of sho)"
gulje-maxilla-6v11,25237669,short,maxilla,ungrafted,12,21,0.1,0.2,6,4.0,bone,0,6,loading,
gulje-maxilla-6v11,25237669,long,maxilla,ungrafted,12,19,0.1,0.3,11,4.0,bone,0,11,loading,
gulje-maxilla-6v11,31535100,short,maxilla,ungrafted,12,20,0.10,0.20,6,4.0,bone,0,6,loading,
gulje-maxilla-6v11,31535100,long,maxilla,ungrafted,12,17,0.04,0.33,11,4.0,bone,0,11,loading,
gulje-maxilla-6v11,31535100,short,maxilla,ungrafted,60,18,0.12,0.36,6,4.0,bone,0,6,loading,
gulje-maxilla-6v11,31535100,long,maxilla,ungrafted,60,17,0.14,0.63,11,4.0,bone,0,11,loading,
gulje-maxilla-6v11,37941089,short,maxilla,ungrafted,12,21,0.11,0.412,6,4.0,bone,0,6,loading,derived-se(x sqrt n)
gulje-maxilla-6v11,37941089,long,maxilla,ungrafted,12,19,0.02,0.436,11,4.0,bone,0,11,loading,derived-se(x sqrt n)
gulje-maxilla-6v11,37941089,short,maxilla,ungrafted,60,19,0.14,0.360,6,4.0,bone,0,6,loading,"derived-borrowed(from 60m, same trial/arm)"
gulje-maxilla-6v11,37941089,long,maxilla,ungrafted,60,19,0.12,0.630,11,4.0,bone,0,11,loading,"derived-borrowed(from 60m, same trial/arm)"
gulje-maxilla-6v11,37941089,short,maxilla,ungrafted,120,17,0.18,0.360,6,4.0,bone,0,6,loading,"derived-borrowed(from 60m, same trial/arm)"
gulje-maxilla-6v11,37941089,long,maxilla,ungrafted,120,10,0.26,0.630,11,4.0,bone,0,11,loading,"derived-borrowed(from 60m, same trial/arm)"
1,24570980,short,mandible,ungrafted,0,20,0.45,0.04,5.0,5.0,variant-dependent,,,implant collar margin to first bone-implant contact (UTHSCSA Image Tool),
1,24570980,long,mandible,grafted,0,18,0.46,0.05,,5.0,variant-dependent,,,implant collar margin to first bone-implant contact (UTHSCSA Image Tool),
1,24570980,short,maxilla,ungrafted,0,19,0.46,0.05,5.0,5.0,variant-dependent,,,implant collar margin to first bone-implant contact (UTHSCSA Image Tool),
1,24570980,long,maxilla,grafted,0,19,0.58,0.05,,5.0,variant-dependent,,,implant collar margin to first bone-implant contact (UTHSCSA Image Tool),
1,24570980,short,mandible,ungrafted,12,20,0.94,0.05,5.0,5.0,variant-dependent,,,implant collar margin to first bone-implant contact (UTHSCSA Image Tool),
1,24570980,long,mandible,grafted,12,18,1.03,0.07,,5.0,variant-dependent,,,implant collar margin to first bone-implant contact (UTHSCSA Image Tool),
1,24570980,short,maxilla,ungrafted,12,19,0.87,0.07,5.0,5.0,variant-dependent,,,implant collar margin to first bone-implant contact (UTHSCSA Image Tool),
1,24570980,long,maxilla,grafted,12,19,1.15,0.12,,5.0,variant-dependent,,,implant collar margin to first bone-implant contact (UTHSCSA Image Tool),
1,29557400,short,mandible,ungrafted,36,18,1.1,0.050,5.0,5.0,variant-dependent,,,not stated in abstract,"derived-borrowed(from 12m, same trial/arm)"
1,29557400,long,mandible,grafted,36,18,1.39,0.070,,5.0,variant-dependent,,,not stated in abstract,"derived-borrowed(from 12m, same trial/arm)"
1,29557400,short,maxilla,ungrafted,36,19,1.04,0.070,5.0,5.0,variant-dependent,,,not stated in abstract,"derived-borrowed(from 12m, same trial/arm)"
1,29557400,long,maxilla,grafted,36,18,1.43,0.120,,5.0,variant-dependent,,,not stated in abstract,"derived-borrowed(from 12m, same trial/arm)"
1,31116187,short,mandible,ungrafted,60,16,1.22,0.050,5.0,5.0,variant-dependent,,,not stated in abstract,"derived-borrowed(from 12m, same trial/arm)"
1,31116187,long,mandible,grafted,60,14,1.7,0.070,,5.0,variant-dependent,,,not stated in abstract,"derived-borrowed(from 12m, same trial/arm)"
1,31116187,short,maxilla,ungrafted,60,17,1.25,0.070,5.0,5.0,variant-dependent,,,not stated in abstract,"derived-borrowed(from 12m, same trial/arm)"
1,31116187,long,maxilla,grafted,60,17,1.73,0.120,,5.0,variant-dependent,,,not stated in abstract,"derived-borrowed(from 12m, same trial/arm)"
doi_10_4322_bds_2026_e49,,short,mixed,ungrafted,60,19,0.58,0.49,"5mm (n=4) / 6mm (n=16), mixed - SINGLE ARM, no long comparator exists anywhere in this report","4-6mm mixed per-implant (Table I lists e.g. 5x5, 5x6, 6x6, 4x6mm diam x length)",bone,0,,surgery,sign-flipped(neg=loss convention)
W2092702732,25757870,short,maxilla,ungrafted,12,64,0.97,0.449,"7.0mm (n=3) and 8.5mm (n=71), pooled as 'short' per study's own 3-way length stratification (short<=8.5mm; regular 10-13mm; long 15-18mm) - FLAG: 3-arm length design, not a simple short/long binary","4.0mm (all arms - NobelSpeedy system uniform diameter across all lengths, Fig.1)",bone,0.3,,surgery,derived-ci
W2092702732,25757870,mid,maxilla,ungrafted,12,17,0.82,0.421,"10mm (n=7), 11.5mm (n=4), 13mm (n=14) pooled as 'regular/mid' per study's own terminology - FLAG: this is the study's OWN middle category in a 3-arm length design (short/regular/long), not this extraction's usual short/long binary",4.0mm,bone,0.3,,surgery,derived-ci
W2092702732,25757870,long,maxilla,ungrafted,12,54,0.87,0.375,15mm (n=37) and 18mm (n=36) pooled as 'long' per study's own terminology,4.0mm,bone,0.3,,surgery,derived-ci
W2092702732,25757870,short,maxilla,ungrafted,36,23,1.25,0.502,7.0mm/8.5mm pooled 'short' (as above) - FLAG 3-arm design,4.0mm,bone,0.3,,surgery,derived-ci
W2092702732,25757870,mid,maxilla,ungrafted,36,6,0.87,0.421,10/11.5/13mm pooled 'regular/mid' - FLAG 3-arm design,4.0mm,bone,0.3,,surgery,"derived-borrowed(from 12m, same trial/arm)"
W2092702732,25757870,long,maxilla,ungrafted,36,32,0.98,0.375,15mm/18mm pooled 'long',4.0mm,bone,0.3,,surgery,"derived-borrowed(from 12m, same trial/arm)"
W2472880666,27402427,short,maxilla,ungrafted,12,45,0.146,0.099,6.0,mostly 5.0mm (62.2%); also 4.0/4.5/>5.0mm mixed - see Table 2 for full distribution,bone,0,6,surgery,derived-ci
W2472880666,27402427,long,maxilla,ungrafted,12,43,0.210,0.114,"10.0mm(n=5)/11.5mm(n=24)/13.0mm(n=11)/15.0mm(n=5) mixed, weighted mean ~11.8mm",mostly 4.0-4.5mm (84.5% combined); also 5.0/>5.0mm - see Table 2,bone,0,,surgery,derived-ci
W2472880666,27402427,short,maxilla,ungrafted,36,44,0.201,0.118,6.0,mostly 5.0mm (62.2%); mixed - see Table 2,bone,0,6,surgery,derived-ci
W2472880666,27402427,long,maxilla,ungrafted,36,43,0.273,0.135,"10.0/11.5/13.0/15.0mm mixed, weighted mean ~11.8mm",mostly 4.0-4.5mm; mixed - see Table 2,bone,0,,surgery,derived-ci
W2946709552,31124147,short,maxilla,ungrafted,12,74,0.51,0.23,6.0,"mixed 4.1mm (n=30) and 4.8mm (n=42), see Table 1",tissue,1.8,6,prosthesis,
W2946709552,31124147,mid,maxilla,ungrafted,12,70,0.47,0.43,8.0,"mixed 4.1/4.8mm, see Table 1 (analogous distribution to short group)",tissue,1.8,8,prosthesis,
W2946709552,31124147,long,maxilla,ungrafted,12,73,0.52,0.26,10.0,"mixed 4.1(n=31)/4.8mm(n=40)/3.3mm(n=2), see Table 1",tissue,1.8,10,prosthesis,
W3129174852,33570787,short,maxilla,ungrafted,36,67,0.53,0.35,6.0,"mixed 4.1mm(n=29)/4.8mm(n=38), see Table 1 (3-yr subset)",tissue,1.8,6,prosthesis,
W3129174852,33570787,mid,maxilla,ungrafted,36,62,0.50,0.30,8.0,"mixed 4.1(n=35)/4.8mm(n=27), see Table 1",tissue,1.8,8,prosthesis,
W3129174852,33570787,long,maxilla,ungrafted,36,70,0.53,0.28,10.0,"mixed 4.1(n=30)/4.8mm(n=38)/3.3mm(n=2), see Table 1",tissue,1.8,10,prosthesis,
W4283588255,35821724,short,maxilla,ungrafted,42.1,97,0.70,0.72,"4.5-8.0mm range (study's own <=8mm test-group definition; exact per-implant length distribution not tabulated, only range given)",3.0-5.5mm range,,,,surgery,
W4283588255,35821724,long,maxilla,ungrafted,32.9,222,0.96,0.91,8.5-14.0mm range (exact per-implant distribution not tabulated),3.3-6.0mm range,,,,surgery,
felice-crestal-sinuslift,26669547,long,maxilla,ungrafted,-4,10,0.08,0.09,10.0,5.0,bone,0,10,"most coronal margin of implant collar to most coronal bone-implant contact point, periapical radiograph, paralleling technique",
felice-crestal-sinuslift,26669547,long,maxilla,ungrafted,0,10,0.45,0.14,10.0,5.0,bone,0,10,"most coronal margin of implant collar to most coronal bone-implant contact point, periapical radiograph, paralleling technique",
felice-crestal-sinuslift,26669547,long,maxilla,ungrafted,12,10,0.95,0.24,10.0,5.0,bone,0,10,"most coronal margin of implant collar to most coronal bone-implant contact point, periapical radiograph, paralleling technique",
felice-crestal-sinuslift,26669547,short,maxilla,ungrafted,-4,10,0.07,0.1,5.0,5.0,bone,0,5,"most coronal margin of implant collar to most coronal bone-implant contact point, periapical radiograph, paralleling technique",
felice-crestal-sinuslift,26669547,short,maxilla,ungrafted,0,10,0.39,0.2,5.0,5.0,bone,0,5,"most coronal margin of implant collar to most coronal bone-implant contact point, periapical radiograph, paralleling technique",
felice-crestal-sinuslift,26669547,short,maxilla,ungrafted,12,10,0.78,0.16,5.0,5.0,bone,0,5,"most coronal margin of implant collar to most coronal bone-implant contact point, periapical radiograph, paralleling technique",
felice-crestal-sinuslift,26669547,long,maxilla,ungrafted,0,10,,0.095,,,,,,"most coronal margin of implant collar to most coronal bone-implant contact point, periapical radiograph, paralleling technique",derived-se(x sqrt n)
felice-crestal-sinuslift,26669547,long,maxilla,ungrafted,12,10,,0.190,,,,,,"most coronal margin of implant collar to most coronal bone-implant contact point, periapical radiograph, paralleling technique",derived-se(x sqrt n)
felice-crestal-sinuslift,26669547,short,maxilla,ungrafted,0,10,,0.190,,,,,,"most coronal margin of implant collar to most coronal bone-implant contact point, periapical radiograph, paralleling technique",derived-se(x sqrt n)
felice-crestal-sinuslift,26669547,short,maxilla,ungrafted,12,10,,0.190,,,,,,"most coronal margin of implant collar to most coronal bone-implant contact point, periapical radiograph, paralleling technique",derived-se(x sqrt n)
felice-crestal-sinuslift,29234746,short,maxilla,ungrafted,36,10,0.89,0.25,5.0,5.0,bone,0,5,"most coronal margin of implant collar to most coronal bone-implant contact point, periapical radiograph, paralleling technique",
felice-crestal-sinuslift,29234746,long,maxilla,ungrafted,36,8,1.08,0.29,10.0,5.0,bone,0,10,"most coronal margin of implant collar to most coronal bone-implant contact point, periapical radiograph, paralleling technique",
W2176962321,26431917,short,mandible,ungrafted,3,40,0.58,0.11,4,4.1,tissue,1.8,4,"Periapical/panoramic radiograph at day 0 (baseline, post-implant-placement) vs 3/6/12-month follow-up; mesial+distal vertical bone level averaged (method stated, exact reference point e.g. implant shoulder not further specified)",
W2176962321,26431917,short,mandible,ungrafted,6,40,0.64,0.38,4,4.1,tissue,1.8,4,"Periapical/panoramic radiograph at day 0 (baseline, post-implant-placement) vs 3/6/12-month follow-up; mesial+distal vertical bone level averaged (method stated, exact reference point e.g. implant shoulder not further specified)",
W2176962321,26431917,short,mandible,ungrafted,12,40,0.71,0.11,4,4.1,tissue,1.8,4,"Periapical/panoramic radiograph at day 0 (baseline, post-implant-placement) vs 3/6/12-month follow-up; mesial+distal vertical bone level averaged (method stated, exact reference point e.g. implant shoulder not further specified)",
W2176962321,26431917,long,mandible,ungrafted,3,20,0.85,0.23,10,4.1,tissue,1.8,10,"Periapical/panoramic radiograph at day 0 (baseline, post-implant-placement) vs 3/6/12-month follow-up; mesial+distal vertical bone level averaged (method stated, exact reference point e.g. implant shoulder not further specified)",
W2176962321,26431917,long,mandible,ungrafted,6,20,0.86,0.56,10,4.1,tissue,1.8,10,"Periapical/panoramic radiograph at day 0 (baseline, post-implant-placement) vs 3/6/12-month follow-up; mesial+distal vertical bone level averaged (method stated, exact reference point e.g. implant shoulder not further specified)",
W2176962321,26431917,long,mandible,ungrafted,12,20,0.89,0.23,10,4.1,tissue,1.8,10,"Periapical/panoramic radiograph at day 0 (baseline, post-implant-placement) vs 3/6/12-month follow-up; mesial+distal vertical bone level averaged (method stated, exact reference point e.g. implant shoulder not further specified)",
W2904818928,30521662,short,mandible,ungrafted,4,23,0.28,0.29,6,,,,,"Periapical radiograph (paralleling technique) immediately after implant placement (S1/surgery, pre-loading baseline) vs 4-month and 1-year post-immediate-loading; mean of mesial+distal interproximal-bone-to-implant-abutment-interface distance per implant, by 2 independent examiners (ICC 0.98 intra-, 0.95 inter-examiner).",
W2904818928,30521662,short,mandible,ungrafted,12,23,0.33,0.47,6,,,,,"Periapical radiograph (paralleling technique) immediately after implant placement (S1/surgery, pre-loading baseline) vs 4-month and 1-year post-immediate-loading; mean of mesial+distal interproximal-bone-to-implant-abutment-interface distance per implant, by 2 independent examiners (ICC 0.98 intra-, 0.95 inter-examiner).",
W2904818928,30521662,long,mandible,ungrafted,4,23,0.25,0.25,10,,,,,"Periapical radiograph (paralleling technique) immediately after implant placement (S1/surgery, pre-loading baseline) vs 4-month and 1-year post-immediate-loading; mean of mesial+distal interproximal-bone-to-implant-abutment-interface distance per implant, by 2 independent examiners (ICC 0.98 intra-, 0.95 inter-examiner).",
W2904818928,30521662,long,mandible,ungrafted,12,23,0.26,0.27,10,,,,,"Periapical radiograph (paralleling technique) immediately after implant placement (S1/surgery, pre-loading baseline) vs 4-month and 1-year post-immediate-loading; mean of mesial+distal interproximal-bone-to-implant-abutment-interface distance per implant, by 2 independent examiners (ICC 0.98 intra-, 0.95 inter-examiner).",
W3115183639,33374157,short,maxilla,ungrafted,3,35,,,6.25,4.2,,,6.25,"Peri-implant bone loss measured directly on periapical radiograph as the distance from the fixture-abutment connection to first bone contact, recorded at second-surgery/re-opening (~3 months) and again at 2 years; not explicitly described as a delta from a separate T0 baseline image (single-radiograph distance measurement at each visit, referenced to the fixture-abutment junction) - ambiguous whether this is a true longitudinal delta or two independent cross-sectional readings.",
W3115183639,33374157,short,maxilla,ungrafted,24,35,,,6.25,4.2,,,6.25,"Peri-implant bone loss measured directly on periapical radiograph as the distance from the fixture-abutment connection to first bone contact, recorded at second-surgery/re-opening (~3 months) and again at 2 years; not explicitly described as a delta from a separate T0 baseline image (single-radiograph distance measurement at each visit, referenced to the fixture-abutment junction) - ambiguous whether this is a true longitudinal delta or two independent cross-sectional readings.",
guida-fullarch-mandible,31605405,long,mandible,ungrafted,0,75,0.31,0.30,11,4,bone,0,11,"Periapical radiograph (Rinn Universal Collimator + Rinn film holder, long-cone paralleling), ImageJ 1.48a calibrated to inter-thread distance; reference = top of microthread implant region to most coronal bone-to-implant contact; mean of mesial+distal per implant; examiner (A.P.) blinded to group allocation via masked radiographs. Baseline = permanent full-arch prosthesis placement (~3 months after 2nd-stage surgery, ~6 months after implant placement).",
guida-fullarch-mandible,31605405,short,mandible,ungrafted,0,75,0.26,0.23,6,4,bone,0,6,same as above,
guida-fullarch-mandible,31605405,long,mandible,ungrafted,12,75,0.28,0.31,11,4,bone,0,11,same as above,
guida-fullarch-mandible,31605405,short,mandible,ungrafted,12,75,0.27,0.29,6,4,bone,0,6,same as above,
guida-fullarch-mandible,31605405,long,mandible,ungrafted,36,70,0.25,0.19,11,4,bone,0,11,same as above,
guida-fullarch-mandible,31605405,short,mandible,ungrafted,36,70,0.36,0.35,6,4,bone,0,6,same as above,
guida-fullarch-mandible,36461704,long,mandible,ungrafted,0,75,0.31,0.30,11,4,bone,0,11,"Same radiographic method as 31605405 (same trial, same protocol; examiner A.P. blinded via masked radiograms; ImageJ inter-thread calibration). Baseline = permanent full-arch prosthesis placement.",
guida-fullarch-mandible,36461704,short,mandible,ungrafted,0,75,0.26,0.23,6,4,bone,0,6,same as above,
guida-fullarch-mandible,36461704,long,mandible,ungrafted,60,70,0.40,0.23,11,4,bone,0,11,same as above,
guida-fullarch-mandible,36461704,short,mandible,ungrafted,60,65,0.30,0.31,6,4,bone,0,6,same as above,
guida-fullarch-mandible,, no independent full text),mixed,ungrafted,,,,,,,,,,,
zurich-6v10,26917439,short,mixed,ungrafted,0,,,,6,,tissue,1.8,6,surgery,
zurich-6v10,26917439,long,mixed,ungrafted,0,,,,10,,tissue,1.8,10,surgery,
zurich-6v10,26917439,short,mixed,ungrafted,12,,,,6,,tissue,1.8,6,loading,
zurich-6v10,26917439,long,mixed,ungrafted,12,,,,10,,tissue,1.8,10,loading,
zurich-6v10,26917439,short,mixed,ungrafted,24,,,,6,,tissue,1.8,6,loading,
zurich-6v10,26917439,long,mixed,ungrafted,24,,,,10,,tissue,1.8,10,loading,
zurich-6v10,26917439,short,mixed,ungrafted,36,,,,6,,tissue,1.8,6,loading,
zurich-6v10,26917439,long,mixed,ungrafted,36,,,,10,,tissue,1.8,10,loading,
zurich-6v10,26917439,short,mixed,ungrafted,36,40,-0.19,0.62,6,,tissue,1.8,6,loading,
zurich-6v10,26917439,long,mixed,ungrafted,36,38,-0.33,0.71,10,,tissue,1.8,10,loading,
zurich-6v10,29533729,short,mixed,ungrafted,60,,,,6,,,,6,loading,
zurich-6v10,29533729,long,mixed,ungrafted,60,,,,10,,,,10,loading,
zurich-6v10,37387401,short,mixed,ungrafted,120,,,,6,,,,6,loading,
zurich-6v10,37387401,long,mixed,ungrafted,120,,,,10,,,,10,loading,
W3172979183,34101342,short,maxilla,ungrafted,0,24,0.170,0.356,5.5,4.0/4.5/5.0 (mixed),,,5.5,"Crestal bone level (CBL) measured from implant platform/shoulder to first bone-to-implant contact via standardized periapical radiographs (paralleling technique, customized radiographic stent), read at surgery ('Initial'), 4, 6 and 12 months. Short (US) implants' 1.5mm machined supracrestal collar was subtracted from all short-arm readings to avoid intergroup bias. NOTE: 'CBL' as tabulated is the raw crestal bone LEVEL (distance from platform to first contact) at each visit, not a pre-subtracted incremental loss - the nonzero 'Initial' values reflect subcrestal placement depth, not measurement error; true incremental loss at t = value(t) minus value(Initial).",derived-md(avg of 2 surfaces)
W3172979183,34101342,long,maxilla,ungrafted,0,24,0.465,0.495,10,4.0/4.5/5.0 (mixed),,,10,"Crestal bone level (CBL) measured from implant platform/shoulder to first bone-to-implant contact via standardized periapical radiographs (paralleling technique, customized radiographic stent), read at surgery ('Initial'), 4, 6 and 12 months. Short (US) implants' 1.5mm machined supracrestal collar was subtracted from all short-arm readings to avoid intergroup bias. NOTE: 'CBL' as tabulated is the raw crestal bone LEVEL (distance from platform to first contact) at each visit, not a pre-subtracted incremental loss - the nonzero 'Initial' values reflect subcrestal placement depth, not measurement error; true incremental loss at t = value(t) minus value(Initial).",derived-md(avg of 2 surfaces)
W3172979183,34101342,short,maxilla,ungrafted,4,21,0.865,0.756,5.5,4.0/4.5/5.0 (mixed),,,5.5,"Crestal bone level (CBL) measured from implant platform/shoulder to first bone-to-implant contact via standardized periapical radiographs (paralleling technique, customized radiographic stent), read at surgery ('Initial'), 4, 6 and 12 months. Short (US) implants' 1.5mm machined supracrestal collar was subtracted from all short-arm readings to avoid intergroup bias. NOTE: 'CBL' as tabulated is the raw crestal bone LEVEL (distance from platform to first contact) at each visit, not a pre-subtracted incremental loss - the nonzero 'Initial' values reflect subcrestal placement depth, not measurement error; true incremental loss at t = value(t) minus value(Initial).",derived-md(avg of 2 surfaces)
W3172979183,34101342,long,maxilla,ungrafted,4,23,1.385,1.047,10,4.0/4.5/5.0 (mixed),,,10,"Crestal bone level (CBL) measured from implant platform/shoulder to first bone-to-implant contact via standardized periapical radiographs (paralleling technique, customized radiographic stent), read at surgery ('Initial'), 4, 6 and 12 months. Short (US) implants' 1.5mm machined supracrestal collar was subtracted from all short-arm readings to avoid intergroup bias. NOTE: 'CBL' as tabulated is the raw crestal bone LEVEL (distance from platform to first contact) at each visit, not a pre-subtracted incremental loss - the nonzero 'Initial' values reflect subcrestal placement depth, not measurement error; true incremental loss at t = value(t) minus value(Initial).",derived-md(avg of 2 surfaces)
W3172979183,34101342,short,maxilla,ungrafted,6,21,0.905,0.654,5.5,4.0/4.5/5.0 (mixed),,,5.5,"Crestal bone level (CBL) measured from implant platform/shoulder to first bone-to-implant contact via standardized periapical radiographs (paralleling technique, customized radiographic stent), read at surgery ('Initial'), 4, 6 and 12 months. Short (US) implants' 1.5mm machined supracrestal collar was subtracted from all short-arm readings to avoid intergroup bias. NOTE: 'CBL' as tabulated is the raw crestal bone LEVEL (distance from platform to first contact) at each visit, not a pre-subtracted incremental loss - the nonzero 'Initial' values reflect subcrestal placement depth, not measurement error; true incremental loss at t = value(t) minus value(Initial).",derived-md(avg of 2 surfaces)
W3172979183,34101342,long,maxilla,ungrafted,6,23,1.275,0.553,10,4.0/4.5/5.0 (mixed),,,10,"Crestal bone level (CBL) measured from implant platform/shoulder to first bone-to-implant contact via standardized periapical radiographs (paralleling technique, customized radiographic stent), read at surgery ('Initial'), 4, 6 and 12 months. Short (US) implants' 1.5mm machined supracrestal collar was subtracted from all short-arm readings to avoid intergroup bias. NOTE: 'CBL' as tabulated is the raw crestal bone LEVEL (distance from platform to first contact) at each visit, not a pre-subtracted incremental loss - the nonzero 'Initial' values reflect subcrestal placement depth, not measurement error; true incremental loss at t = value(t) minus value(Initial).",derived-md(avg of 2 surfaces)
W3172979183,34101342,short,maxilla,ungrafted,12,21,0.815,0.611,5.5,4.0/4.5/5.0 (mixed),,,5.5,"Crestal bone level (CBL) measured from implant platform/shoulder to first bone-to-implant contact via standardized periapical radiographs (paralleling technique, customized radiographic stent), read at surgery ('Initial'), 4, 6 and 12 months. Short (US) implants' 1.5mm machined supracrestal collar was subtracted from all short-arm readings to avoid intergroup bias. NOTE: 'CBL' as tabulated is the raw crestal bone LEVEL (distance from platform to first contact) at each visit, not a pre-subtracted incremental loss - the nonzero 'Initial' values reflect subcrestal placement depth, not measurement error; true incremental loss at t = value(t) minus value(Initial).",derived-md(avg of 2 surfaces)
W3172979183,34101342,long,maxilla,ungrafted,12,23,1.285,0.628,10,4.0/4.5/5.0 (mixed),,,10,"Crestal bone level (CBL) measured from implant platform/shoulder to first bone-to-implant contact via standardized periapical radiographs (paralleling technique, customized radiographic stent), read at surgery ('Initial'), 4, 6 and 12 months. Short (US) implants' 1.5mm machined supracrestal collar was subtracted from all short-arm readings to avoid intergroup bias. NOTE: 'CBL' as tabulated is the raw crestal bone LEVEL (distance from platform to first contact) at each visit, not a pre-subtracted incremental loss - the nonzero 'Initial' values reflect subcrestal placement depth, not measurement error; true incremental loss at t = value(t) minus value(Initial).",derived-md(avg of 2 surfaces)
W4402521422,39329858,long,mandible,ungrafted,0,15,0.475,0.554,6.5,"3.30-4.00 (mixed: 3x3.30,5x3.50,2x3.75,5x4.00)",bone,0,6.5,"Implant placement (V2, time=0) = baseline; periapical radiographs also taken at the loading visit (V3, immediate or ~12wk delayed) and the 1-year follow-up (V4). A single experienced investigator took all radiographic bone-level measurements to reduce inter-observer variability.",derived-md(avg of 2 surfaces)
W4402521422,39329858,short,mandible,ungrafted,0,15,0.450,0.437,5.5,"3.00-4.25 (mixed: 1x3.00,3x3.30,2x3.50,5x3.75,3x4.00,1x4.25)",bone,0,5.5,"Implant placement (V2, time=0) = baseline; periapical radiographs also taken at the loading visit (V3, immediate or ~12wk delayed) and the 1-year follow-up (V4). A single experienced investigator took all radiographic bone-level measurements to reduce inter-observer variability.",derived-md(avg of 2 surfaces)
W4402521422,39329858,long,mandible,ungrafted,12,15,0.390,0.504,6.5,"3.30-4.00 (mixed: 3x3.30,5x3.50,2x3.75,5x4.00)",bone,0,6.5,"Implant placement (V2, time=0) = baseline; periapical radiographs also taken at the loading visit (V3, immediate or ~12wk delayed) and the 1-year follow-up (V4). A single experienced investigator took all radiographic bone-level measurements to reduce inter-observer variability.",derived-md(avg of 2 surfaces)
W4402521422,39329858,short,mandible,ungrafted,12,15,0.245,0.537,5.5,"3.00-4.25 (mixed: 1x3.00,3x3.30,2x3.50,5x3.75,3x4.00,1x4.25)",bone,0,5.5,"Implant placement (V2, time=0) = baseline; periapical radiographs also taken at the loading visit (V3, immediate or ~12wk delayed) and the 1-year follow-up (V4). A single experienced investigator took all radiographic bone-level measurements to reduce inter-observer variability.",derived-md(avg of 2 surfaces)
tay_usporedba_osteoimuno,34658370,short,mandible,ungrafted,36,30,0.125,0.515,4,,tissue,1.8,4,"Digital periapical radiograph (paralleling technique); distance from implant shoulder to first bone contact point, measured 'at baseline' (interpreted as time of prosthetic loading, since patients were recalled retrospectively after implants had already been functioning >=3 years) vs 36 months after prosthetic loading. Methods text (p.4) states site-specific bone loss was measured 'at mesial aspects' only, per cited prior-study convention - but Table 3 nonetheless reports BOTH mesial and distal values, contradicting the stated single-site methodology.",derived-md(avg of 2 surfaces)
tay_usporedba_osteoimuno,34658370,long,mandible,ungrafted,36,30,0.340,0.608,8,,tissue,1.8,8,"Digital periapical radiograph (paralleling technique); distance from implant shoulder to first bone contact point, measured 'at baseline' (interpreted as time of prosthetic loading, since patients were recalled retrospectively after implants had already been functioning >=3 years) vs 36 months after prosthetic loading. Methods text (p.4) states site-specific bone loss was measured 'at mesial aspects' only, per cited prior-study convention - but Table 3 nonetheless reports BOTH mesial and distal values, contradicting the stated single-site methodology.",derived-md(avg of 2 surfaces)
