Study_ID,time_of_followup_from_loading,implant_length,group,n,mean_mbl,sd_mbl
esposito-4mm-augmented,0,short,short_ungrafted_mandible,20,0.24,0.11
esposito-4mm-augmented,0,long,long_grafted_mandible,19,0.34,0.08
esposito-4mm-augmented,0,short,short_ungrafted_maxilla,19,0.27,0.09
esposito-4mm-augmented,0,long,long_grafted_maxilla,17,0.31,0.1
esposito-4mm-augmented,4,short,short_ungrafted_mandible,20,0.4,0.12
esposito-4mm-augmented,4,long,long_grafted_mandible,19,0.52,0.1
esposito-4mm-augmented,4,short,short_ungrafted_maxilla,19,0.47,0.12
esposito-4mm-augmented,4,long,long_grafted_maxilla,17,0.5,0.13
esposito-4mm-augmented,12,short,short_ungrafted_mandible,20,0.51,0.16
esposito-4mm-augmented,12,long,long_grafted_mandible,18,0.77,0.21
esposito-4mm-augmented,12,short,short_ungrafted_maxilla,19,0.63,0.15
esposito-4mm-augmented,12,long,long_grafted_maxilla,16,0.72,0.25
esposito-4mm-augmented,36,short,short_ungrafted_mandible,17,0.62,0.58
esposito-4mm-augmented,36,long,long_grafted_mandible,15,0.71,0.13
esposito-4mm-augmented,36,short,short_ungrafted_maxilla,15,1.14,0.22
esposito-4mm-augmented,36,long,long_grafted_maxilla,17,0.73,0.78
W3152386461,6,short,short_ungrafted_maxilla,12,0.01,0.11
W3152386461,12,short,short_ungrafted_maxilla,12,0.04,0.13
W3152386461,18,short,short_ungrafted_maxilla,12,0.17,0.29
W3152386461,24,short,short_ungrafted_maxilla,12,0.28,0.37
W3152386461,6,long,long_ungrafted_maxilla,10,0.21,0.33
W3152386461,12,long,long_ungrafted_maxilla,10,0.3,0.32
W3152386461,18,long,long_ungrafted_maxilla,10,0.4,0.37
W3152386461,24,long,long_ungrafted_maxilla,10,0.54,0.49
W3003957245,0,long,long_ungrafted_maxilla,11,1.04,0.78
W3003957245,12,long,long_ungrafted_maxilla,11,1.27,0.85
W3003957245,24,long,long_ungrafted_maxilla,11,0.87,0.41
W3003957245,0,short,short_ungrafted_maxilla,11,0.89,0.88
W3003957245,12,short,short_ungrafted_maxilla,11,1.37,1.01
W3003957245,24,short,short_ungrafted_maxilla,11,1.14,0.95
felice-4x4,0,short,short_ungrafted_mixed,74,0.298,0.506
felice-4x4,0,long,long_ungrafted_mixed,73,0.255,0.16
felice-4x4,4,short,short_ungrafted_mixed,74,0.399,0.264
felice-4x4,4,long,long_ungrafted_mixed,73,0.434,0.245
felice-4x4,12,short,short_ungrafted_mixed,75,0.55,0.257
felice-4x4,12,long,long_ungrafted_mixed,73,0.616,0.262
felice-4x4,36,short,short_ungrafted_mixed,72,0.58,0.26
felice-4x4,36,long,long_ungrafted_mixed,69,0.66,0.3
2,0,short,short_ungrafted_mandible,20,0.59,0.05
2,0,long,long_grafted_mandible,19,0.55,0.05
2,0,short,short_ungrafted_maxilla,20,0.47,0.05
2,0,long,long_grafted_maxilla,20,0.57,0.04
2,12,short,short_ungrafted_mandible,19,1.05,0.06
2,12,long,long_grafted_mandible,18,1.07,0.06
2,12,short,short_ungrafted_maxilla,20,1.02,0.06
2,12,long,long_grafted_maxilla,20,1.09,0.05
2,36,short,short_ungrafted_mandible,15,1.25,0.35
2,36,long,long_grafted_mandible,14,1.54,0.14
2,36,short,short_ungrafted_maxilla,18,1.28,0.37
2,36,long,long_grafted_maxilla,18,1.5,0.37
2,60,short,short_ungrafted_mandible,12,1.34,0.35
2,60,long,long_grafted_mandible,12,2.11,0.59
2,60,short,short_ungrafted_maxilla,16,1.52,0.47
2,60,long,long_grafted_maxilla,16,1.85,0.51
cannizzaro-crossarch,12,short,short_ungrafted_mandible,15,0.08,0.03
cannizzaro-crossarch,12,long,long_ungrafted_mandible,15,0.51,0.1
cannizzaro-crossarch,12,short,short_ungrafted_maxilla,15,0.15,0.04
cannizzaro-crossarch,12,long,long_ungrafted_maxilla,15,0.62,0.12
W2005148312,0,short,short_ungrafted_mixed,30,1.78,0.55
W2005148312,0,long,long_ungrafted_mixed,30,2.1,0.68
W2005148312,2,short,short_ungrafted_mixed,30,2.16,0.45
W2005148312,2,long,long_ungrafted_mixed,30,2.46,0.57
W2005148312,12,short,short_ungrafted_mixed,30,2.29,0.46
W2005148312,12,long,long_ungrafted_mixed,30,2.55,0.53
W2005148312,24,short,short_ungrafted_mixed,30,2.31,0.5
W2005148312,24,long,long_ungrafted_mixed,30,2.55,0.56
W2005148312,36,short,short_ungrafted_mixed,30,2.34,0.54
W2005148312,36,long,long_ungrafted_mixed,30,2.59,0.56
W2005148312,48,short,short_ungrafted_mixed,30,2.33,0.55
W2005148312,48,long,long_ungrafted_mixed,30,2.64,0.57
W2005148312,60,short,short_ungrafted_mixed,30,2.3,0.52
W2005148312,60,long,long_ungrafted_mixed,30,2.64,0.56
W2896165594,0,short,short_ungrafted_mandible,10,0.28,0.26
W2896165594,0,long,long_grafted_mandible,10,0.15,0.53
W2896165594,12,short,short_ungrafted_mandible,10,0.3,0.34
W2896165594,12,long,long_grafted_mandible,10,0.47,0.54
W3024572837,38,short,short_grafted_mixed,62,0.35,0.24
W3024572837,38,long,long_ungrafted_mixed,69,0.92,0.26
W3178976371,7,short,short_ungrafted_maxilla,20,0.32,0.15
W3178976371,7,long,long_grafted_maxilla,17,0.25,0.12
W3178976371,12,short,short_ungrafted_maxilla,20,0.28,0.17
W3178976371,12,long,long_grafted_maxilla,17,0.26,0.14
W3178976371,19,short,short_ungrafted_maxilla,20,0.6,0.17
W3178976371,19,long,long_grafted_maxilla,17,0.51,0.14
W2895578297,0,short,short_ungrafted_mixed,58,0.02,0.05
W2895578297,0,long,long_ungrafted_mixed,47,0.03,0.06
W2895578297,12,short,short_ungrafted_mixed,58,0.36,0.31
W2895578297,12,long,long_ungrafted_mixed,47,0.34,0.35
W2895578297,24,short,short_ungrafted_mixed,58,0.41,0.38
W2895578297,24,long,long_ungrafted_mixed,47,0.46,0.41
esposito-5mm-augmented-3y5y,0,short,short_ungrafted_mandible,15,0.65,0.21
esposito-5mm-augmented-3y5y,12,short,short_ungrafted_mandible,15,1.54,0.53
esposito-5mm-augmented-3y5y,36,short,short_ungrafted_mandible,13,1.79,0.51
esposito-5mm-augmented-3y5y,0,long,long_ungrafted_mandible,15,0.55,0.22
esposito-5mm-augmented-3y5y,12,long,long_ungrafted_mandible,15,1.53,0.54
esposito-5mm-augmented-3y5y,36,long,long_ungrafted_mandible,14,1.97,0.57
esposito-5mm-augmented-3y5y,0,short,short_ungrafted_maxilla,15,0.46,0.21
esposito-5mm-augmented-3y5y,12,short,short_ungrafted_maxilla,15,1.06,0.52
esposito-5mm-augmented-3y5y,36,short,short_ungrafted_maxilla,13,1.36,0.53
esposito-5mm-augmented-3y5y,0,long,long_ungrafted_maxilla,15,0.58,0.13
esposito-5mm-augmented-3y5y,12,long,long_ungrafted_maxilla,15,1.43,0.47
esposito-5mm-augmented-3y5y,36,long,long_ungrafted_maxilla,14,1.74,0.37
esposito-5mm-augmented-3y5y,0,short,short_ungrafted_mixed,30,0.55,0.23
esposito-5mm-augmented-3y5y,12,short,short_ungrafted_mixed,30,1.3,0.57
esposito-5mm-augmented-3y5y,36,short,short_ungrafted_mixed,26,1.57,0.55
esposito-5mm-augmented-3y5y,0,long,long_ungrafted_mixed,30,0.55,0.23
esposito-5mm-augmented-3y5y,12,long,long_ungrafted_mixed,30,1.3,0.57
esposito-5mm-augmented-3y5y,36,long,long_ungrafted_mixed,26,1.87,0.5
hadzik-wroclaw,36,long,long_ungrafted_maxilla,15,0.22,0.46
hadzik-wroclaw,36,short,short_ungrafted_maxilla,14,0.34,0.24
hadzik-wroclaw,84,long,long_ungrafted_maxilla,15,0.53,0.75
hadzik-wroclaw,84,short,short_ungrafted_maxilla,13,0.5,0.35
astra-6v11-fdp,12,short,short_ungrafted_mixed,86,-0.06,0.27
astra-6v11-fdp,12,long,long_ungrafted_mixed,92,-0.02,0.6
astra-6v11-fdp,60,short,short_ungrafted_mixed,94,0.01,0.45
astra-6v11-fdp,60,long,long_ungrafted_mixed,80,-0.12,0.93
thoma-6v11-SFE,0,short,short_ungrafted_maxilla,60,0.03,0.15
thoma-6v11-SFE,0,long,long_ungrafted_maxilla,58,0.06,0.2
thoma-6v11-SFE,36,short,short_ungrafted_maxilla,58,0.44,0.44
thoma-6v11-SFE,36,long,long_ungrafted_maxilla,63,0.45,0.55
thoma-6v11-SFE,60,short,short_ungrafted_maxilla,53,0.45,0.79
thoma-6v11-SFE,60,long,long_ungrafted_maxilla,62,0.45,0.91
romeo-storelli-6v10,12,short,short_ungrafted_mixed,24,0.18,0.32
romeo-storelli-6v10,12,long,long_ungrafted_mixed,28,0.04,0.24
romeo-storelli-6v10,60,short,short_ungrafted_mixed,21,0.43,0.34
romeo-storelli-6v10,60,long,long_ungrafted_mixed,19,0.24,0.45
gulje-maxilla-6v11,12,short,short_ungrafted_maxilla,21,0.1,0.2
gulje-maxilla-6v11,12,long,long_ungrafted_maxilla,19,0.1,0.3
gulje-maxilla-6v11,60,short,short_ungrafted_maxilla,18,0.12,0.36
gulje-maxilla-6v11,60,long,long_ungrafted_maxilla,17,0.14,0.63
gulje-maxilla-6v11,120,short,short_ungrafted_maxilla,17,0.18,0.36
gulje-maxilla-6v11,120,long,long_ungrafted_maxilla,10,0.26,0.63
1,0,short,short_ungrafted_mandible,20,0.45,0.04
1,0,long,long_grafted_mandible,18,0.46,0.05
1,0,short,short_ungrafted_maxilla,19,0.46,0.05
1,0,long,long_grafted_maxilla,19,0.58,0.05
1,12,short,short_ungrafted_mandible,20,0.94,0.05
1,12,long,long_grafted_mandible,18,1.03,0.07
1,12,short,short_ungrafted_maxilla,19,0.87,0.07
1,12,long,long_grafted_maxilla,19,1.15,0.12
1,36,short,short_ungrafted_mandible,18,1.1,0.05
1,36,long,long_grafted_mandible,18,1.39,0.07
1,36,short,short_ungrafted_maxilla,19,1.04,0.07
1,36,long,long_grafted_maxilla,18,1.43,0.12
1,60,short,short_ungrafted_mandible,16,1.22,0.05
1,60,long,long_grafted_mandible,14,1.7,0.07
1,60,short,short_ungrafted_maxilla,17,1.25,0.07
1,60,long,long_grafted_maxilla,17,1.73,0.12
W2092702732,12,short,short_ungrafted_maxilla,64,0.97,0.449
W2092702732,12,long,long_ungrafted_maxilla,54,0.87,0.375
W2092702732,36,short,short_ungrafted_maxilla,23,1.25,0.502
W2092702732,36,long,long_ungrafted_maxilla,32,0.98,0.375
W2472880666,12,short,short_ungrafted_maxilla,45,0.146,0.099
W2472880666,12,long,long_ungrafted_maxilla,43,0.21,0.114
W2472880666,36,short,short_ungrafted_maxilla,44,0.201,0.118
W2472880666,36,long,long_ungrafted_maxilla,43,0.273,0.135
W2946709552,12,short,short_ungrafted_maxilla,74,0.51,0.23
W2946709552,12,long,long_ungrafted_maxilla,73,0.52,0.26
W3129174852,36,short,short_ungrafted_maxilla,67,0.53,0.35
W3129174852,36,long,long_ungrafted_maxilla,70,0.53,0.28
W4283588255,42.1,short,short_ungrafted_maxilla,97,0.7,0.72
W4283588255,32.9,long,long_ungrafted_maxilla,222,0.96,0.91
felice-crestal-sinuslift,0,long,long_ungrafted_maxilla,10,0.45,0.14
felice-crestal-sinuslift,12,long,long_ungrafted_maxilla,10,0.95,0.24
felice-crestal-sinuslift,0,short,short_ungrafted_maxilla,10,0.39,0.2
felice-crestal-sinuslift,12,short,short_ungrafted_maxilla,10,0.78,0.16
felice-crestal-sinuslift,36,short,short_ungrafted_maxilla,10,0.89,0.25
felice-crestal-sinuslift,36,long,long_ungrafted_maxilla,8,1.08,0.29
W2176962321,3,short,short_ungrafted_mandible,40,0.58,0.11
W2176962321,6,short,short_ungrafted_mandible,40,0.64,0.38
W2176962321,12,short,short_ungrafted_mandible,40,0.71,0.11
W2176962321,3,long,long_ungrafted_mandible,20,0.85,0.23
W2176962321,6,long,long_ungrafted_mandible,20,0.86,0.56
W2176962321,12,long,long_ungrafted_mandible,20,0.89,0.23
W2904818928,4,short,short_ungrafted_mandible,23,0.28,0.29
W2904818928,12,short,short_ungrafted_mandible,23,0.33,0.47
W2904818928,4,long,long_ungrafted_mandible,23,0.25,0.25
W2904818928,12,long,long_ungrafted_mandible,23,0.26,0.27
guida-fullarch-mandible,0,long,long_ungrafted_mandible,75,0.31,0.3
guida-fullarch-mandible,0,short,short_ungrafted_mandible,75,0.26,0.23
guida-fullarch-mandible,12,long,long_ungrafted_mandible,75,0.28,0.31
guida-fullarch-mandible,12,short,short_ungrafted_mandible,75,0.27,0.29
guida-fullarch-mandible,36,long,long_ungrafted_mandible,70,0.25,0.19
guida-fullarch-mandible,36,short,short_ungrafted_mandible,70,0.36,0.35
guida-fullarch-mandible,60,long,long_ungrafted_mandible,70,0.4,0.23
guida-fullarch-mandible,60,short,short_ungrafted_mandible,65,0.3,0.31
zurich-6v10,36,short,short_ungrafted_mixed,40,-0.19,0.62
zurich-6v10,36,long,long_ungrafted_mixed,38,-0.33,0.71
W3172979183,0,short,short_ungrafted_maxilla,24,0.17,0.356
W3172979183,0,long,long_ungrafted_maxilla,24,0.465,0.495
W3172979183,4,short,short_ungrafted_maxilla,21,0.865,0.756
W3172979183,4,long,long_ungrafted_maxilla,23,1.385,1.047
W3172979183,6,short,short_ungrafted_maxilla,21,0.905,0.654
W3172979183,6,long,long_ungrafted_maxilla,23,1.275,0.553
W3172979183,12,short,short_ungrafted_maxilla,21,0.815,0.611
W3172979183,12,long,long_ungrafted_maxilla,23,1.285,0.628
W4402521422,0,long,long_ungrafted_mandible,15,0.475,0.554
W4402521422,0,short,short_ungrafted_mandible,15,0.45,0.437
W4402521422,12,long,long_ungrafted_mandible,15,0.39,0.504
W4402521422,12,short,short_ungrafted_mandible,15,0.245,0.537
tay_usporedba_osteoimuno,36,short,short_ungrafted_mandible,30,0.125,0.515
tay_usporedba_osteoimuno,36,long,long_ungrafted_mandible,30,0.34,0.608
